CREATE DATABASE  IF NOT EXISTS `spotify_orm` /*!40100 DEFAULT CHARACTER SET utf8mb4 COLLATE utf8mb4_0900_ai_ci */ /*!80016 DEFAULT ENCRYPTION='N' */;
USE `spotify_orm`;
-- MySQL dump 10.13  Distrib 8.0.21, for Win64 (x86_64)
--
-- Host: localhost    Database: spotify_orm
-- ------------------------------------------------------
-- Server version	8.0.21

/*!40101 SET @OLD_CHARACTER_SET_CLIENT=@@CHARACTER_SET_CLIENT */;
/*!40101 SET @OLD_CHARACTER_SET_RESULTS=@@CHARACTER_SET_RESULTS */;
/*!40101 SET @OLD_COLLATION_CONNECTION=@@COLLATION_CONNECTION */;
/*!50503 SET NAMES utf8 */;
/*!40103 SET @OLD_TIME_ZONE=@@TIME_ZONE */;
/*!40103 SET TIME_ZONE='+00:00' */;
/*!40014 SET @OLD_UNIQUE_CHECKS=@@UNIQUE_CHECKS, UNIQUE_CHECKS=0 */;
/*!40014 SET @OLD_FOREIGN_KEY_CHECKS=@@FOREIGN_KEY_CHECKS, FOREIGN_KEY_CHECKS=0 */;
/*!40101 SET @OLD_SQL_MODE=@@SQL_MODE, SQL_MODE='NO_AUTO_VALUE_ON_ZERO' */;
/*!40111 SET @OLD_SQL_NOTES=@@SQL_NOTES, SQL_NOTES=0 */;

--
-- Table structure for table `albums`
--

DROP TABLE IF EXISTS `albums`;
/*!40101 SET @saved_cs_client     = @@character_set_client */;
/*!50503 SET character_set_client = utf8mb4 */;
CREATE TABLE `albums` (
  `id` int NOT NULL AUTO_INCREMENT,
  `name` varchar(255) DEFAULT NULL,
  `artist_id` int DEFAULT NULL,
  `cover_img` varchar(255) DEFAULT NULL,
  `released_at` datetime DEFAULT NULL,
  `created_at` datetime NOT NULL,
  `updated_at` datetime NOT NULL,
  `deleted_at` datetime DEFAULT NULL,
  PRIMARY KEY (`id`)
) ENGINE=InnoDB AUTO_INCREMENT=23 DEFAULT CHARSET=utf8mb4 COLLATE=utf8mb4_0900_ai_ci;
/*!40101 SET character_set_client = @saved_cs_client */;

--
-- Dumping data for table `albums`
--

/*!40000 ALTER TABLE `albums` DISABLE KEYS */;
INSERT INTO `albums` (`id`, `name`, `artist_id`, `cover_img`, `released_at`, `created_at`, `updated_at`, `deleted_at`) VALUES (1,'TIM',1,'https://www.helicon.co.il/wp-content/uploads/2019/06/AVICII_250.jpg','2019-06-05 00:00:00','2019-06-05 00:00:00','2020-09-12 00:00:00',NULL),(2,'÷ (Deluxe)',2,'https://img.secure.cdn-2.warnerartists.net/media/catalog/product/cache/733/image/600x/9df78eab33525d08d6e5fb8d27136e95/e/d/edsheeran-divide-replacement_1.jpg','2017-03-02 00:00:00','2017-03-02 00:00:00','2020-09-12 00:00:00',NULL),(3,'Scorpion',3,'https://img.discogs.com/i-3zFLbT4-s6Dm_0Fs5zg3nmQ4w=/fit-in/600x596/filters:strip_icc():format(jpeg):mode_rgb():quality(90)/discogs-images/R-12252821-1535317927-2134.jpeg.jpg','2018-06-28 00:00:00','2018-06-28 00:00:00','2020-09-12 00:00:00',NULL),(4,'Kids See Ghosts',4,'https://img.discogs.com/taeF09Gb2zmZGjtjocBPksHOLYk=/fit-in/600x600/filters:strip_icc():format(jpeg):mode_rgb():quality(90)/discogs-images/R-12737263-1541252949-2277.jpeg.jpg','2018-06-07 00:00:00','2018-06-07 00:00:00','2020-09-12 00:00:00',NULL),(5,'Revival ',5,'https://img.discogs.com/9BsiyPTsPmdofGDXYj9hLRPODpk=/fit-in/600x599/filters:strip_icc():format(jpeg):mode_rgb():quality(90)/discogs-images/R-11982210-1527964325-1617.jpeg.jpg','2017-12-14 00:00:00','2017-12-14 00:00:00','2020-09-12 00:00:00',NULL),(6,'Consideration (Dance Remixes)',6,'https://m.media-amazon.com/images/I/61i0VcUTxKL._SS500_.jpg','2017-09-07 00:00:00','2017-09-07 00:00:00','2020-09-12 00:00:00',NULL),(7,'OMER',7,'https://yosmusic.com/wp-content/uploads/2020/01/%D7%A2%D7%95%D7%9E%D7%A8-%D7%90%D7%93%D7%9D-Omer.jpg','2020-02-01 00:00:00','2020-02-01 00:00:00','2020-09-12 00:00:00',NULL),(8,'מכאן ועד הנצח',8,'https://upload.wikimedia.org/wikipedia/he/8/8f/%D7%9E%D7%9B%D7%90%D7%9F_%D7%95%D7%A2%D7%93_%D7%94%D7%A0%D7%A6%D7%97.png','2020-04-11 00:00:00','2020-04-11 00:00:00','2020-09-12 00:00:00',NULL),(9,'V',9,'https://upload.wikimedia.org/wikipedia/en/5/53/Maroon_5_-_V_%28Official_Album_Cover%29.png','2014-08-28 00:00:00','2014-08-28 00:00:00','2020-09-12 00:00:00',NULL),(10,'Joytime ',10,'https://m.media-amazon.com/images/I/81upColJExL._SS500_.jpg','2016-01-07 00:00:00','2016-01-07 00:00:00','2020-09-12 00:00:00',NULL),(11,'Lost on You',11,'https://upload.wikimedia.org/wikipedia/en/1/1f/LP_-_Lost_on_You_album.jpg','2015-11-19 00:00:00','2015-11-19 00:00:00','2020-09-12 00:00:00',NULL),(12,'Konvicted',12,'https://upload.wikimedia.org/wikipedia/en/8/85/AKonvicted.jpg','2006-11-13 00:00:00','2006-11-13 00:00:00','2020-09-12 00:00:00',NULL),(13,'The Ghost Note Symphonies',13,'https://img.discogs.com/y-ikSoC0UhTUIUjlnh2z_PuYj0s=/fit-in/600x590/filters:strip_icc():format(jpeg):mode_rgb():quality(90)/discogs-images/R-12303782-1533179377-9618.jpeg.jpg','2018-07-26 00:00:00','2018-07-26 00:00:00','2020-09-12 00:00:00',NULL),(14,'To Be Loved',14,'https://upload.wikimedia.org/wikipedia/en/0/01/...To_Be_Loved_the_Best_of_Papa_Roach.jpg','2013-04-14 00:00:00','2013-04-14 00:00:00','2020-09-12 00:00:00',NULL),(15,'In Rainbows',15,'https://upload.wikimedia.org/wikipedia/en/2/2e/In_Rainbows_Official_Cover.jpg','2007-10-09 00:00:00','2007-10-09 00:00:00','2020-09-12 00:00:00',NULL),(16,'Hardwell ON AIR',16,'https://cdn.1001.tl/images/artworks/sources/0/0/4/a/200721-artwork-hardwell-on-air-5f1663a6bc7ab-Medium.jpg','2020-08-31 00:00:00','2020-08-31 00:00:00','2020-09-12 00:00:00',NULL),(17,'The London Sessions',17,'https://img.discogs.com/AQQ1FlXUBYxTCS2NlaxXINas1No=/fit-in/600x600/filters:strip_icc():format(jpeg):mode_rgb():quality(90)/discogs-images/R-15321243-1589707641-9091.jpeg.jpg','2020-05-14 00:00:00','2020-05-14 00:00:00','2020-09-12 00:00:00',NULL),(18,'Seven',18,'https://upload.wikimedia.org/wikipedia/en/7/7e/MartinGarrixSeven.jpg','2016-10-27 00:00:00','2016-10-27 00:00:00','2020-09-12 00:00:00',NULL),(19,'Nothing But the Beat Ultimate',19,'https://img.discogs.com/jfPM4GHNF7IAyl6YBrJuqBpzrAM=/fit-in/600x600/filters:strip_icc():format(jpeg):mode_rgb():quality(90)/discogs-images/R-5111172-1457155301-2864.jpeg.jpg','2011-08-25 00:00:00','2011-08-25 00:00:00','2020-09-12 00:00:00',NULL),(20,'Oh My My',20,'https://upload.wikimedia.org/wikipedia/en/4/46/OneRepublic_-_Oh_My_My.jpg','2015-12-31 00:00:00','2015-12-31 00:00:00','2020-09-12 00:00:00',NULL);
/*!40000 ALTER TABLE `albums` ENABLE KEYS */;

--
-- Table structure for table `artists`
--

DROP TABLE IF EXISTS `artists`;
/*!40101 SET @saved_cs_client     = @@character_set_client */;
/*!50503 SET character_set_client = utf8mb4 */;
CREATE TABLE `artists` (
  `id` int NOT NULL AUTO_INCREMENT,
  `name` varchar(255) DEFAULT NULL,
  `cover_img` varchar(255) DEFAULT NULL,
  `released_at` datetime DEFAULT NULL,
  `created_at` datetime NOT NULL,
  `updated_at` datetime NOT NULL,
  `deleted_at` datetime DEFAULT NULL,
  PRIMARY KEY (`id`)
) ENGINE=InnoDB AUTO_INCREMENT=105 DEFAULT CHARSET=utf8mb4 COLLATE=utf8mb4_0900_ai_ci;
/*!40101 SET character_set_client = @saved_cs_client */;

--
-- Dumping data for table `artists`
--

/*!40000 ALTER TABLE `artists` DISABLE KEYS */;
INSERT INTO `artists` (`id`, `name`, `cover_img`, `released_at`, `created_at`, `updated_at`, `deleted_at`) VALUES (1,'Avicii','https://www.bpm-music.com/wp-content/uploads/2018/04/avicii-harmony-bpm.png','2020-09-12 00:00:00','2020-09-12 00:00:00','2020-09-12 00:00:00',NULL),(2,'Ed Sheeran','https://i2.wp.com/hkpub.net/wp-content/uploads/2019/07/Ed-Sheeran-Press-Photo-2-Credit-Mark-Surridge-crop.jpg?fit=1024%2C911&ssl=1','2020-09-12 00:00:00','2020-09-12 00:00:00','2020-09-12 00:00:00',NULL),(3,'Drake','https://media.resources.festicket.com/www/artists/Drake.jpg','2020-09-12 00:00:00','2020-09-12 00:00:00','2020-09-12 00:00:00',NULL),(4,'Kanye West','https://media1.popsugar-assets.com/files/thumbor/3V8qh1kIlOKjZCnfQq-2vhQbQnM/249x163:2149x2063/fit-in/2048xorig/filters:format_auto-!!-:strip_icc-!!-/2020/02/24/905/n/1922398/d9c250fc5e5435738e0e78.04534326_/i/Kanye-West.jpg','2020-09-12 00:00:00','2020-09-12 00:00:00','2020-09-12 00:00:00',NULL),(5,'Eminem','https://vignette.wikia.nocookie.net/ideas/images/c/c1/Eminem.JPG/revision/latest?cb=20181130203245','2020-09-12 00:00:00','2020-09-12 00:00:00','2020-09-12 00:00:00',NULL),(6,'Rihanna','https://thumbor.forbes.com/thumbor/1950x1950/filters%3Aformat%28jpg%29/https%3A%2F%2Fspecials-images.forbesimg.com%2Fimageserve%2F5ceec355142c500008f42068%2F0x0.jpg%3FcropX1%3D32%26cropX2%3D1982%26cropY1%3D257%26cropY2%3D2207','2020-09-12 00:00:00','2020-09-12 00:00:00','2020-09-12 00:00:00',NULL),(7,'Omer Adam','https://s3.amazonaws.com/bit-photos/large/9851702.jpeg','2020-09-12 00:00:00','2020-09-12 00:00:00','2020-09-12 00:00:00',NULL),(8,'Eyal Golan','https://images.jpost.com/image/upload/f_auto,fl_lossy/t_JD_ArticleMainImageFaceDetect/432785','2020-09-12 00:00:00','2020-09-12 00:00:00','2020-09-12 00:00:00',NULL),(9,'Maroon 5','https://media.npr.org/assets/music/news/2010/09/maroon-e9cb8c5b25b4d1f3e68aa26e6a0ce51cf2ae59d8-s800-c85.jpg','2020-09-12 00:00:00','2020-09-12 00:00:00','2020-09-12 00:00:00',NULL),(10,'Marshmello','https://thumbor.forbes.com/thumbor/1999x1999/filters%3Aformat%28jpg%29/https%3A%2F%2Fspecials-images.forbesimg.com%2Fimageserve%2F5be1e2a3a7ea437059163919%2F0x0.jpg%3FcropX1%3D0%26cropX2%3D1999%26cropY1%3D0%26cropY2%3D1999','2020-09-12 00:00:00','2020-09-12 00:00:00','2020-09-12 00:00:00',NULL),(11,'LP','https://www.nme.com/wp-content/uploads/2020/01/012220-LP-Mary-McGuire-Bluestfest.jpg','2020-09-12 00:00:00','2020-09-12 00:00:00','2020-09-12 00:00:00',NULL),(12,'Akon','https://imagesvc.meredithcorp.io/v3/mm/gif?q=85&c=sc&poi=%5B800%2C500%5D&w=1600&h=1067&url=https%3A%2F%2Fstatic.onecms.io%2Fwp-content%2Fuploads%2Fsites%2F28%2F2020%2F01%2Fakon-city-senegal-akon0120.gif','2020-09-12 00:00:00','2020-09-12 00:00:00','2020-09-12 00:00:00',NULL),(13,'Rise Against','https://www.radiopunk.it/wp-content/uploads/2018/05/rise-against.jpg','2020-09-12 00:00:00','2020-09-12 00:00:00','2020-09-12 00:00:00',NULL),(14,'Papa Roach','https://i1.wp.com/rockkmzk.com/wp-content/uploads/2017/03/papa-roach-paparoach.com-credits.jpg?resize=1000%2C665','2020-09-12 00:00:00','2020-09-12 00:00:00','2020-09-12 00:00:00',NULL),(15,'Radio Head','https://www.rollingstone.com/wp-content/uploads/2020/03/Radiohead.jpg','2020-09-12 00:00:00','2020-09-12 00:00:00','2020-09-12 00:00:00',NULL),(16,'Hardwell','https://www.clubbingtv.com/wp-content/uploads/2016/02/unnamed-2.jpg','2020-09-12 00:00:00','2020-09-12 00:00:00','2020-09-12 00:00:00',NULL),(17,'Tiesto','https://www.discoverbenelux.com/wp-content/uploads/2015/08/Tiesto.jpg','2020-09-12 00:00:00','2020-09-12 00:00:00','2020-09-12 00:00:00',NULL),(18,'Martin Gerrix','https://static.billboard.com/files/media/martin-garrix-2017-cr-Rachel-Kaplan-billboard-1548-1024x677.jpg','2020-09-12 00:00:00','2020-09-12 00:00:00','2020-09-12 00:00:00',NULL),(19,'David Guetta','https://static.billboard.com/files/media/David-Guetta-press-by-Guerin-Blask-2019-billboard-1548-1024x677.jpg','2020-09-12 00:00:00','2020-09-12 00:00:00','2020-09-12 00:00:00',NULL),(20,'OneRepublic','https://www.liveabout.com/thmb/wpAq4s1AqlD-AJt42mDXt3WZnqk=/1333x1000/smart/filters:no_upscale()/onerepublic-5a712793eb97de0037466221.jpg','2020-09-12 00:00:00','2020-09-12 00:00:00','2020-09-12 00:00:00',NULL);
/*!40000 ALTER TABLE `artists` ENABLE KEYS */;

--
-- Table structure for table `interactions_by_albums`
--

DROP TABLE IF EXISTS `interactions_by_albums`;
/*!40101 SET @saved_cs_client     = @@character_set_client */;
/*!50503 SET character_set_client = utf8mb4 */;
CREATE TABLE `interactions_by_albums` (
  `user_id` int NOT NULL,
  `album_id` int NOT NULL,
  `is_liked` tinyint(1) DEFAULT NULL,
  `play_count` int DEFAULT NULL,
  `created_at` datetime NOT NULL,
  `updated_at` datetime NOT NULL,
  PRIMARY KEY (`user_id`,`album_id`)
) ENGINE=InnoDB DEFAULT CHARSET=utf8mb4 COLLATE=utf8mb4_0900_ai_ci;
/*!40101 SET character_set_client = @saved_cs_client */;

--
-- Dumping data for table `interactions_by_albums`
--

/*!40000 ALTER TABLE `interactions_by_albums` DISABLE KEYS */;
INSERT INTO `interactions_by_albums` (`user_id`, `album_id`, `is_liked`, `play_count`, `created_at`, `updated_at`) VALUES (1,3,0,217,'2020-06-21 00:00:00','2020-06-21 00:00:00'),(1,16,0,122,'2020-02-04 00:00:00','2020-02-04 00:00:00'),(1,17,1,89,'2020-07-23 00:00:00','2020-07-23 00:00:00'),(1,19,1,158,'2020-02-15 00:00:00','2020-02-15 00:00:00'),(2,9,1,273,'2020-04-07 00:00:00','2020-04-07 00:00:00'),(2,10,1,50,'2019-10-27 00:00:00','2019-10-27 00:00:00'),(2,13,0,115,'2020-05-10 00:00:00','2020-05-10 00:00:00'),(2,14,0,252,'2019-12-12 00:00:00','2019-12-12 00:00:00'),(2,15,1,166,'2020-06-16 00:00:00','2020-06-16 00:00:00'),(2,16,0,2,'2020-07-23 00:00:00','2020-07-23 00:00:00'),(2,20,0,10,'2020-08-03 00:00:00','2020-08-03 00:00:00'),(3,2,0,60,'2019-09-26 00:00:00','2019-09-26 00:00:00'),(3,13,0,227,'2020-03-07 00:00:00','2020-03-07 00:00:00'),(3,16,1,173,'2020-01-17 00:00:00','2020-01-17 00:00:00'),(3,18,1,237,'2019-11-16 00:00:00','2019-11-16 00:00:00'),(3,19,0,2,'2020-04-16 00:00:00','2020-04-16 00:00:00'),(4,2,0,108,'2020-08-15 00:00:00','2020-08-15 00:00:00'),(4,10,0,124,'2019-10-26 00:00:00','2019-10-26 00:00:00'),(4,13,1,113,'2019-10-26 00:00:00','2019-10-26 00:00:00'),(4,14,1,124,'2020-03-03 00:00:00','2020-03-03 00:00:00'),(4,16,0,276,'2020-08-10 00:00:00','2020-08-10 00:00:00'),(4,20,1,242,'2020-01-27 00:00:00','2020-01-27 00:00:00'),(5,1,0,195,'2020-07-09 00:00:00','2020-07-09 00:00:00'),(5,4,1,263,'2020-04-02 00:00:00','2020-04-02 00:00:00'),(5,5,0,220,'2020-04-19 00:00:00','2020-04-19 00:00:00'),(5,7,1,21,'2020-07-03 00:00:00','2020-07-03 00:00:00'),(5,8,0,52,'2019-09-18 00:00:00','2019-09-18 00:00:00'),(5,10,0,196,'2019-12-01 00:00:00','2019-12-01 00:00:00'),(5,12,0,181,'2020-05-18 00:00:00','2020-05-18 00:00:00'),(5,14,1,63,'2020-05-20 00:00:00','2020-05-20 00:00:00'),(5,18,0,224,'2020-01-05 00:00:00','2020-01-05 00:00:00'),(6,1,0,139,'2020-02-10 00:00:00','2020-02-10 00:00:00'),(6,4,1,193,'2020-02-06 00:00:00','2020-02-06 00:00:00'),(6,14,1,31,'2020-01-22 00:00:00','2020-01-22 00:00:00'),(6,15,0,212,'2020-06-02 00:00:00','2020-06-02 00:00:00'),(6,16,1,22,'2020-05-10 00:00:00','2020-05-10 00:00:00'),(6,19,0,250,'2020-04-13 00:00:00','2020-04-13 00:00:00'),(7,1,0,32,'2020-01-28 00:00:00','2020-01-28 00:00:00'),(7,2,1,285,'2019-09-21 00:00:00','2019-09-21 00:00:00'),(7,7,0,142,'2020-07-12 00:00:00','2020-07-12 00:00:00'),(7,8,0,49,'2019-11-01 00:00:00','2019-11-01 00:00:00'),(7,9,0,26,'2020-06-13 00:00:00','2020-06-13 00:00:00'),(7,10,0,143,'2020-08-15 00:00:00','2020-08-15 00:00:00'),(7,12,0,64,'2019-09-27 00:00:00','2019-09-27 00:00:00'),(7,16,1,204,'2020-05-03 00:00:00','2020-05-03 00:00:00'),(8,2,1,187,'2019-09-22 00:00:00','2019-09-22 00:00:00'),(8,4,1,93,'2020-07-25 00:00:00','2020-07-25 00:00:00'),(8,5,1,2,'2020-03-15 00:00:00','2020-03-15 00:00:00'),(8,6,0,135,'2020-05-12 00:00:00','2020-05-12 00:00:00'),(8,11,1,75,'2020-08-19 00:00:00','2020-08-19 00:00:00'),(8,12,1,101,'2020-05-09 00:00:00','2020-05-09 00:00:00'),(8,13,1,28,'2020-05-07 00:00:00','2020-05-07 00:00:00'),(8,16,1,277,'2019-12-30 00:00:00','2019-12-30 00:00:00'),(8,19,0,272,'2020-03-05 00:00:00','2020-03-05 00:00:00'),(8,20,0,233,'2020-01-29 00:00:00','2020-01-29 00:00:00'),(9,4,1,105,'2020-06-20 00:00:00','2020-06-20 00:00:00'),(9,6,0,120,'2019-11-18 00:00:00','2019-11-18 00:00:00'),(9,7,0,16,'2019-10-04 00:00:00','2019-10-04 00:00:00'),(9,9,0,188,'2020-05-04 00:00:00','2020-05-04 00:00:00'),(9,15,1,172,'2019-12-12 00:00:00','2019-12-12 00:00:00'),(9,18,0,176,'2020-06-23 00:00:00','2020-06-23 00:00:00'),(9,19,0,98,'2020-05-05 00:00:00','2020-05-05 00:00:00'),(10,14,0,186,'2019-10-19 00:00:00','2019-10-19 00:00:00'),(11,4,1,160,'2019-11-11 00:00:00','2019-11-11 00:00:00'),(11,10,0,273,'2020-07-20 00:00:00','2020-07-20 00:00:00'),(11,13,0,161,'2019-10-14 00:00:00','2019-10-14 00:00:00'),(11,19,0,39,'2020-07-28 00:00:00','2020-07-28 00:00:00'),(12,3,1,192,'2019-10-29 00:00:00','2019-10-29 00:00:00'),(12,4,1,289,'2020-02-23 00:00:00','2020-02-23 00:00:00'),(12,10,1,10,'2020-07-12 00:00:00','2020-07-12 00:00:00'),(13,1,0,298,'2020-06-11 00:00:00','2020-06-11 00:00:00'),(13,6,0,87,'2020-01-19 00:00:00','2020-01-19 00:00:00'),(13,10,1,257,'2019-09-30 00:00:00','2019-09-30 00:00:00'),(13,13,1,114,'2020-04-23 00:00:00','2020-04-23 00:00:00'),(13,15,0,3,'2020-04-30 00:00:00','2020-04-30 00:00:00'),(13,16,0,32,'2019-11-09 00:00:00','2019-11-09 00:00:00'),(14,1,0,42,'2020-06-16 00:00:00','2020-06-16 00:00:00'),(14,7,0,102,'2019-10-17 00:00:00','2019-10-17 00:00:00'),(14,8,0,126,'2020-03-29 00:00:00','2020-03-29 00:00:00'),(14,10,0,247,'2020-05-18 00:00:00','2020-05-18 00:00:00'),(14,12,0,238,'2020-06-11 00:00:00','2020-06-11 00:00:00'),(14,14,0,14,'2019-12-27 00:00:00','2019-12-27 00:00:00'),(14,19,0,171,'2020-05-19 00:00:00','2020-05-19 00:00:00'),(14,20,1,42,'2019-12-17 00:00:00','2019-12-17 00:00:00'),(15,1,1,73,'2019-10-19 00:00:00','2019-10-19 00:00:00'),(15,2,1,77,'2019-11-18 00:00:00','2019-11-18 00:00:00'),(15,4,0,59,'2019-12-23 00:00:00','2019-12-23 00:00:00'),(15,5,1,131,'2019-12-02 00:00:00','2019-12-02 00:00:00'),(15,6,0,43,'2020-09-12 00:00:00','2020-09-12 00:00:00'),(15,13,0,248,'2020-07-13 00:00:00','2020-07-13 00:00:00'),(15,17,1,44,'2020-02-08 00:00:00','2020-02-08 00:00:00'),(16,1,1,276,'2020-05-16 00:00:00','2020-05-16 00:00:00'),(16,2,1,55,'2020-08-20 00:00:00','2020-08-20 00:00:00'),(16,14,1,124,'2019-09-25 00:00:00','2019-09-25 00:00:00'),(16,15,0,207,'2019-09-26 00:00:00','2019-09-26 00:00:00'),(17,3,1,207,'2020-09-04 00:00:00','2020-09-04 00:00:00'),(17,9,1,48,'2020-03-01 00:00:00','2020-03-01 00:00:00'),(17,10,0,199,'2019-11-07 00:00:00','2019-11-07 00:00:00'),(17,11,0,203,'2020-08-01 00:00:00','2020-08-01 00:00:00'),(17,14,1,135,'2020-06-25 00:00:00','2020-06-25 00:00:00'),(17,15,0,47,'2020-03-22 00:00:00','2020-03-22 00:00:00'),(17,19,0,139,'2020-03-08 00:00:00','2020-03-08 00:00:00'),(17,20,1,142,'2020-02-10 00:00:00','2020-02-10 00:00:00'),(18,1,0,34,'2020-02-11 00:00:00','2020-02-11 00:00:00'),(18,19,1,41,'2019-10-31 00:00:00','2019-10-31 00:00:00'),(18,20,0,188,'2019-10-30 00:00:00','2019-10-30 00:00:00'),(19,1,1,93,'2020-05-31 00:00:00','2020-05-31 00:00:00'),(19,3,0,132,'2020-07-22 00:00:00','2020-07-22 00:00:00'),(19,6,1,124,'2019-11-21 00:00:00','2019-11-21 00:00:00'),(19,8,0,3,'2019-12-04 00:00:00','2019-12-04 00:00:00'),(19,11,1,263,'2019-10-26 00:00:00','2019-10-26 00:00:00'),(19,12,1,184,'2020-04-29 00:00:00','2020-04-29 00:00:00'),(19,13,0,24,'2020-01-27 00:00:00','2020-01-27 00:00:00'),(19,16,1,134,'2020-07-02 00:00:00','2020-07-02 00:00:00'),(19,17,0,172,'2019-10-11 00:00:00','2019-10-11 00:00:00'),(19,19,1,180,'2020-04-25 00:00:00','2020-04-25 00:00:00'),(20,4,0,26,'2019-10-12 00:00:00','2019-10-12 00:00:00'),(20,6,0,114,'2020-02-02 00:00:00','2020-02-02 00:00:00'),(20,13,1,270,'2020-04-26 00:00:00','2020-04-26 00:00:00'),(20,14,0,29,'2019-12-03 00:00:00','2019-12-03 00:00:00'),(21,5,1,202,'2020-06-10 00:00:00','2020-06-10 00:00:00'),(21,7,0,277,'2020-03-10 00:00:00','2020-03-10 00:00:00'),(22,5,0,112,'2019-10-30 00:00:00','2019-10-30 00:00:00'),(22,7,1,245,'2020-06-20 00:00:00','2020-06-20 00:00:00'),(22,9,0,54,'2020-03-01 00:00:00','2020-03-01 00:00:00'),(22,12,1,152,'2020-05-14 00:00:00','2020-05-14 00:00:00'),(22,13,0,15,'2020-01-11 00:00:00','2020-01-11 00:00:00'),(22,17,0,208,'2020-06-25 00:00:00','2020-06-25 00:00:00'),(23,4,0,144,'2020-02-24 00:00:00','2020-02-24 00:00:00'),(23,8,0,142,'2020-09-01 00:00:00','2020-09-01 00:00:00'),(23,11,1,129,'2019-11-24 00:00:00','2019-11-24 00:00:00'),(23,12,1,199,'2019-10-24 00:00:00','2019-10-24 00:00:00'),(23,13,0,258,'2020-02-26 00:00:00','2020-02-26 00:00:00'),(23,14,0,71,'2020-09-08 00:00:00','2020-09-08 00:00:00'),(23,18,1,61,'2019-10-21 00:00:00','2019-10-21 00:00:00'),(24,3,1,52,'2020-02-05 00:00:00','2020-02-05 00:00:00'),(24,4,1,126,'2020-08-04 00:00:00','2020-08-04 00:00:00'),(24,5,1,5,'2019-11-29 00:00:00','2019-11-29 00:00:00'),(24,6,0,6,'2020-02-10 00:00:00','2020-02-10 00:00:00'),(24,9,1,275,'2020-04-05 00:00:00','2020-04-05 00:00:00'),(24,10,1,52,'2020-04-02 00:00:00','2020-04-02 00:00:00'),(24,11,0,181,'2020-01-26 00:00:00','2020-01-26 00:00:00'),(24,12,1,182,'2020-05-21 00:00:00','2020-05-21 00:00:00'),(24,15,0,9,'2019-10-01 00:00:00','2019-10-01 00:00:00'),(25,1,1,71,'2020-01-14 00:00:00','2020-01-14 00:00:00'),(25,8,1,56,'2019-12-31 00:00:00','2019-12-31 00:00:00'),(25,9,1,108,'2019-10-24 00:00:00','2019-10-24 00:00:00'),(25,13,0,205,'2019-12-23 00:00:00','2019-12-23 00:00:00'),(25,18,1,7,'2019-11-14 00:00:00','2019-11-14 00:00:00'),(26,4,1,31,'2020-05-09 00:00:00','2020-05-09 00:00:00'),(26,5,0,117,'2020-06-20 00:00:00','2020-06-20 00:00:00'),(26,8,0,295,'2020-07-25 00:00:00','2020-07-25 00:00:00'),(26,14,0,263,'2019-10-18 00:00:00','2019-10-18 00:00:00'),(27,2,1,12,'2020-07-20 00:00:00','2020-07-20 00:00:00'),(27,14,0,43,'2020-05-14 00:00:00','2020-05-14 00:00:00'),(27,19,1,10,'2020-03-27 00:00:00','2020-03-27 00:00:00'),(28,11,0,119,'2020-02-04 00:00:00','2020-02-04 00:00:00'),(28,16,0,62,'2019-10-26 00:00:00','2019-10-26 00:00:00'),(28,19,1,288,'2019-11-07 00:00:00','2019-11-07 00:00:00'),(29,3,1,162,'2020-01-26 00:00:00','2020-01-26 00:00:00'),(29,6,0,226,'2019-11-06 00:00:00','2019-11-06 00:00:00'),(29,11,1,128,'2020-03-05 00:00:00','2020-03-05 00:00:00'),(29,12,1,252,'2020-08-27 00:00:00','2020-08-27 00:00:00'),(29,13,0,85,'2020-06-07 00:00:00','2020-06-07 00:00:00'),(29,15,0,77,'2019-09-28 00:00:00','2019-09-28 00:00:00'),(29,16,1,273,'2020-08-25 00:00:00','2020-08-25 00:00:00'),(29,17,0,41,'2020-02-23 00:00:00','2020-02-23 00:00:00'),(29,19,1,254,'2019-12-03 00:00:00','2019-12-03 00:00:00'),(29,20,1,288,'2019-09-30 00:00:00','2019-09-30 00:00:00'),(30,8,0,177,'2020-03-23 00:00:00','2020-03-23 00:00:00'),(30,17,0,192,'2020-02-02 00:00:00','2020-02-02 00:00:00'),(31,5,0,162,'2020-05-22 00:00:00','2020-05-22 00:00:00'),(31,7,0,46,'2020-06-04 00:00:00','2020-06-04 00:00:00'),(31,12,1,270,'2020-08-10 00:00:00','2020-08-10 00:00:00'),(31,13,0,265,'2020-02-04 00:00:00','2020-02-04 00:00:00'),(31,14,1,69,'2020-02-27 00:00:00','2020-02-27 00:00:00'),(31,16,1,109,'2020-02-27 00:00:00','2020-02-27 00:00:00'),(32,9,0,133,'2020-01-10 00:00:00','2020-01-10 00:00:00'),(32,12,1,99,'2020-04-10 00:00:00','2020-04-10 00:00:00'),(32,16,0,137,'2019-09-19 00:00:00','2019-09-19 00:00:00'),(32,20,1,24,'2020-08-30 00:00:00','2020-08-30 00:00:00'),(33,3,1,170,'2019-11-18 00:00:00','2019-11-18 00:00:00'),(33,4,0,58,'2020-04-11 00:00:00','2020-04-11 00:00:00'),(33,5,1,101,'2019-11-22 00:00:00','2019-11-22 00:00:00'),(33,6,1,253,'2020-03-25 00:00:00','2020-03-25 00:00:00'),(33,10,1,152,'2020-01-02 00:00:00','2020-01-02 00:00:00'),(33,13,0,257,'2019-11-12 00:00:00','2019-11-12 00:00:00'),(33,15,1,125,'2020-08-22 00:00:00','2020-08-22 00:00:00'),(33,16,0,283,'2020-09-07 00:00:00','2020-09-07 00:00:00'),(33,17,0,137,'2020-07-23 00:00:00','2020-07-23 00:00:00'),(33,18,0,275,'2019-12-23 00:00:00','2019-12-23 00:00:00'),(34,2,0,257,'2020-02-24 00:00:00','2020-02-24 00:00:00'),(34,5,1,213,'2020-07-04 00:00:00','2020-07-04 00:00:00'),(34,8,1,251,'2020-05-27 00:00:00','2020-05-27 00:00:00'),(34,16,0,177,'2020-08-14 00:00:00','2020-08-14 00:00:00'),(34,17,0,39,'2019-10-04 00:00:00','2019-10-04 00:00:00'),(34,18,1,215,'2020-03-22 00:00:00','2020-03-22 00:00:00'),(35,1,1,125,'2020-03-09 00:00:00','2020-03-09 00:00:00'),(35,9,0,292,'2020-09-10 00:00:00','2020-09-10 00:00:00'),(35,12,0,293,'2020-02-24 00:00:00','2020-02-24 00:00:00'),(35,13,0,42,'2020-08-12 00:00:00','2020-08-12 00:00:00'),(35,14,1,74,'2020-04-18 00:00:00','2020-04-18 00:00:00'),(35,19,1,220,'2020-02-20 00:00:00','2020-02-20 00:00:00'),(36,2,0,69,'2020-03-23 00:00:00','2020-03-23 00:00:00'),(36,3,0,10,'2020-04-09 00:00:00','2020-04-09 00:00:00'),(36,4,1,254,'2020-07-12 00:00:00','2020-07-12 00:00:00'),(36,10,0,224,'2020-07-08 00:00:00','2020-07-08 00:00:00'),(36,14,1,112,'2020-07-28 00:00:00','2020-07-28 00:00:00'),(36,17,0,269,'2020-04-26 00:00:00','2020-04-26 00:00:00'),(36,19,0,166,'2020-04-03 00:00:00','2020-04-03 00:00:00'),(37,1,0,19,'2020-04-21 00:00:00','2020-04-21 00:00:00'),(37,4,0,288,'2019-10-11 00:00:00','2019-10-11 00:00:00'),(37,6,0,83,'2019-10-11 00:00:00','2019-10-11 00:00:00'),(37,7,1,80,'2020-08-08 00:00:00','2020-08-08 00:00:00'),(37,9,1,21,'2020-08-05 00:00:00','2020-08-05 00:00:00'),(37,15,0,282,'2020-04-29 00:00:00','2020-04-29 00:00:00'),(37,16,1,279,'2020-04-01 00:00:00','2020-04-01 00:00:00'),(37,19,1,121,'2020-07-21 00:00:00','2020-07-21 00:00:00'),(37,20,1,244,'2020-02-05 00:00:00','2020-02-05 00:00:00'),(38,8,1,47,'2020-09-03 00:00:00','2020-09-03 00:00:00'),(38,9,1,185,'2019-10-08 00:00:00','2019-10-08 00:00:00'),(38,10,0,236,'2020-01-29 00:00:00','2020-01-29 00:00:00'),(38,14,0,212,'2019-10-16 00:00:00','2019-10-16 00:00:00'),(38,18,0,156,'2020-05-30 00:00:00','2020-05-30 00:00:00'),(38,20,0,73,'2020-05-27 00:00:00','2020-05-27 00:00:00'),(39,2,0,158,'2020-02-17 00:00:00','2020-02-17 00:00:00'),(39,6,1,89,'2020-04-01 00:00:00','2020-04-01 00:00:00'),(39,11,1,270,'2020-05-21 00:00:00','2020-05-21 00:00:00'),(39,12,0,230,'2020-06-07 00:00:00','2020-06-07 00:00:00'),(39,16,1,102,'2020-01-26 00:00:00','2020-01-26 00:00:00'),(39,17,1,102,'2020-01-30 00:00:00','2020-01-30 00:00:00'),(39,19,1,135,'2020-07-25 00:00:00','2020-07-25 00:00:00'),(40,2,1,141,'2020-07-20 00:00:00','2020-07-20 00:00:00'),(40,5,0,234,'2020-08-23 00:00:00','2020-08-23 00:00:00'),(40,10,0,4,'2020-02-13 00:00:00','2020-02-13 00:00:00'),(41,1,1,209,'2020-05-30 00:00:00','2020-05-30 00:00:00'),(41,2,1,130,'2020-06-30 00:00:00','2020-06-30 00:00:00'),(41,5,0,178,'2020-07-05 00:00:00','2020-07-05 00:00:00'),(41,7,1,183,'2020-04-18 00:00:00','2020-04-18 00:00:00'),(41,8,0,200,'2019-11-06 00:00:00','2019-11-06 00:00:00'),(41,11,0,277,'2020-06-19 00:00:00','2020-06-19 00:00:00'),(41,14,0,167,'2020-08-14 00:00:00','2020-08-14 00:00:00'),(41,19,0,164,'2020-04-03 00:00:00','2020-04-03 00:00:00');
/*!40000 ALTER TABLE `interactions_by_albums` ENABLE KEYS */;

--
-- Table structure for table `interactions_by_playlists`
--

DROP TABLE IF EXISTS `interactions_by_playlists`;
/*!40101 SET @saved_cs_client     = @@character_set_client */;
/*!50503 SET character_set_client = utf8mb4 */;
CREATE TABLE `interactions_by_playlists` (
  `user_id` int NOT NULL,
  `playlist_id` int NOT NULL,
  `is_liked` tinyint(1) DEFAULT NULL,
  `play_count` int DEFAULT NULL,
  `created_at` datetime NOT NULL,
  `updated_at` datetime NOT NULL,
  PRIMARY KEY (`user_id`,`playlist_id`)
) ENGINE=InnoDB DEFAULT CHARSET=utf8mb4 COLLATE=utf8mb4_0900_ai_ci;
/*!40101 SET character_set_client = @saved_cs_client */;

--
-- Dumping data for table `interactions_by_playlists`
--

/*!40000 ALTER TABLE `interactions_by_playlists` DISABLE KEYS */;
INSERT INTO `interactions_by_playlists` (`user_id`, `playlist_id`, `is_liked`, `play_count`, `created_at`, `updated_at`) VALUES (1,2,0,64,'2019-12-03 00:00:00','2019-12-03 00:00:00'),(1,3,0,20,'2020-03-17 00:00:00','2020-03-17 00:00:00'),(2,2,0,71,'2020-01-02 00:00:00','2020-01-02 00:00:00'),(2,5,1,21,'2019-12-01 00:00:00','2019-12-01 00:00:00'),(2,7,1,68,'2020-01-19 00:00:00','2020-01-19 00:00:00'),(2,8,0,84,'2019-12-05 00:00:00','2019-12-05 00:00:00'),(2,12,1,76,'2020-03-27 00:00:00','2020-03-27 00:00:00'),(2,13,0,10,'2020-01-23 00:00:00','2020-01-23 00:00:00'),(2,17,0,18,'2020-05-25 00:00:00','2020-05-25 00:00:00'),(2,20,1,49,'2020-03-31 00:00:00','2020-03-31 00:00:00'),(3,6,0,15,'2020-01-16 00:00:00','2020-01-16 00:00:00'),(3,12,0,84,'2019-09-23 00:00:00','2019-09-23 00:00:00'),(3,15,0,10,'2020-02-02 00:00:00','2020-02-02 00:00:00'),(3,18,0,42,'2019-10-31 00:00:00','2019-10-31 00:00:00'),(3,20,0,8,'2020-07-01 00:00:00','2020-07-01 00:00:00'),(4,5,1,67,'2019-10-19 00:00:00','2019-10-19 00:00:00'),(4,20,1,24,'2020-07-29 00:00:00','2020-07-29 00:00:00'),(5,6,1,45,'2020-07-08 00:00:00','2020-07-08 00:00:00'),(5,11,1,55,'2020-03-18 00:00:00','2020-03-18 00:00:00'),(5,15,0,92,'2020-02-02 00:00:00','2020-02-02 00:00:00'),(5,18,1,70,'2019-12-28 00:00:00','2019-12-28 00:00:00'),(5,20,1,97,'2020-04-22 00:00:00','2020-04-22 00:00:00'),(6,3,1,7,'2020-03-10 00:00:00','2020-03-10 00:00:00'),(6,4,0,48,'2020-01-20 00:00:00','2020-01-20 00:00:00'),(6,15,0,87,'2020-07-01 00:00:00','2020-07-01 00:00:00'),(6,20,1,48,'2019-12-02 00:00:00','2019-12-02 00:00:00'),(7,9,1,57,'2020-09-13 00:00:00','2020-09-13 00:00:00'),(7,11,1,52,'2020-05-20 00:00:00','2020-05-20 00:00:00'),(7,14,0,14,'2020-07-12 00:00:00','2020-07-12 00:00:00'),(7,17,1,20,'2020-02-27 00:00:00','2020-02-27 00:00:00'),(8,1,1,29,'2020-07-31 00:00:00','2020-07-31 00:00:00'),(8,10,0,76,'2019-12-23 00:00:00','2019-12-23 00:00:00'),(8,14,0,10,'2020-03-06 00:00:00','2020-03-06 00:00:00'),(8,15,1,3,'2020-08-30 00:00:00','2020-08-30 00:00:00'),(9,3,1,25,'2020-08-21 00:00:00','2020-08-21 00:00:00'),(9,6,0,54,'2020-07-20 00:00:00','2020-07-20 00:00:00'),(9,9,0,30,'2020-06-06 00:00:00','2020-06-06 00:00:00'),(9,12,0,2,'2020-01-07 00:00:00','2020-01-07 00:00:00'),(9,13,1,15,'2020-05-13 00:00:00','2020-05-13 00:00:00'),(9,15,0,64,'2020-04-26 00:00:00','2020-04-26 00:00:00'),(9,19,0,33,'2020-06-04 00:00:00','2020-06-04 00:00:00'),(10,5,0,41,'2020-02-02 00:00:00','2020-02-02 00:00:00'),(10,7,0,73,'2020-02-22 00:00:00','2020-02-22 00:00:00'),(10,8,0,70,'2020-07-21 00:00:00','2020-07-21 00:00:00'),(10,10,0,21,'2019-09-30 00:00:00','2019-09-30 00:00:00'),(11,4,0,100,'2020-01-19 00:00:00','2020-01-19 00:00:00'),(11,5,0,2,'2019-12-11 00:00:00','2019-12-11 00:00:00'),(11,9,0,39,'2020-04-18 00:00:00','2020-04-18 00:00:00'),(11,15,1,56,'2020-06-04 00:00:00','2020-06-04 00:00:00'),(11,16,1,68,'2020-03-09 00:00:00','2020-03-09 00:00:00'),(12,9,0,90,'2020-09-02 00:00:00','2020-09-02 00:00:00'),(12,12,1,22,'2020-03-03 00:00:00','2020-03-03 00:00:00'),(12,13,1,16,'2020-02-23 00:00:00','2020-02-23 00:00:00'),(12,15,1,14,'2019-12-23 00:00:00','2019-12-23 00:00:00'),(13,1,0,63,'2019-12-15 00:00:00','2019-12-15 00:00:00'),(13,3,0,32,'2020-09-01 00:00:00','2020-09-01 00:00:00'),(13,9,1,62,'2020-03-29 00:00:00','2020-03-29 00:00:00'),(13,18,1,23,'2020-07-29 00:00:00','2020-07-29 00:00:00'),(14,5,0,34,'2020-05-18 00:00:00','2020-05-18 00:00:00'),(14,12,0,80,'2020-07-02 00:00:00','2020-07-02 00:00:00'),(14,17,0,15,'2019-12-29 00:00:00','2019-12-29 00:00:00'),(14,19,0,43,'2020-04-18 00:00:00','2020-04-18 00:00:00'),(14,20,0,75,'2020-04-07 00:00:00','2020-04-07 00:00:00'),(15,3,1,80,'2020-02-05 00:00:00','2020-02-05 00:00:00'),(15,4,1,44,'2020-04-03 00:00:00','2020-04-03 00:00:00'),(15,6,0,86,'2019-10-28 00:00:00','2019-10-28 00:00:00'),(15,9,0,39,'2020-05-28 00:00:00','2020-05-28 00:00:00'),(15,19,0,93,'2019-11-19 00:00:00','2019-11-19 00:00:00'),(16,1,0,400,'2019-11-30 00:00:00','2019-11-30 00:00:00'),(16,10,1,62,'2020-04-21 00:00:00','2020-04-21 00:00:00'),(16,18,1,53,'2020-08-12 00:00:00','2020-08-12 00:00:00'),(16,19,1,50,'2020-05-24 00:00:00','2020-05-24 00:00:00'),(16,20,0,2,'2020-09-07 00:00:00','2020-09-07 00:00:00'),(17,9,0,97,'2020-01-09 00:00:00','2020-01-09 00:00:00'),(17,17,1,27,'2019-12-01 00:00:00','2019-12-01 00:00:00'),(18,4,1,30,'2020-02-07 00:00:00','2020-02-07 00:00:00'),(18,6,0,34,'2020-01-19 00:00:00','2020-01-19 00:00:00'),(18,9,0,92,'2020-01-20 00:00:00','2020-01-20 00:00:00'),(18,10,1,31,'2020-05-01 00:00:00','2020-05-01 00:00:00'),(19,1,1,31,'2019-12-20 00:00:00','2019-12-20 00:00:00'),(19,6,0,24,'2020-03-14 00:00:00','2020-03-14 00:00:00'),(19,16,0,35,'2020-03-10 00:00:00','2020-03-10 00:00:00'),(20,2,1,93,'2020-04-29 00:00:00','2020-04-29 00:00:00'),(20,4,1,31,'2020-02-15 00:00:00','2020-02-15 00:00:00'),(20,5,0,24,'2019-10-12 00:00:00','2019-10-12 00:00:00'),(20,12,0,83,'2020-09-04 00:00:00','2020-09-04 00:00:00'),(21,6,0,61,'2019-10-24 00:00:00','2019-10-24 00:00:00'),(21,7,0,68,'2019-10-01 00:00:00','2019-10-01 00:00:00'),(21,8,0,88,'2020-08-17 00:00:00','2020-08-17 00:00:00'),(21,10,0,43,'2020-09-12 00:00:00','2020-09-12 00:00:00'),(21,12,0,64,'2019-12-31 00:00:00','2019-12-31 00:00:00'),(21,14,1,54,'2020-04-02 00:00:00','2020-04-02 00:00:00'),(22,5,1,31,'2019-11-08 00:00:00','2019-11-08 00:00:00'),(22,7,0,93,'2020-05-09 00:00:00','2020-05-09 00:00:00'),(22,10,1,63,'2020-04-08 00:00:00','2020-04-08 00:00:00'),(23,18,0,49,'2020-03-27 00:00:00','2020-03-27 00:00:00'),(24,2,0,38,'2020-06-03 00:00:00','2020-06-03 00:00:00'),(24,6,1,32,'2020-05-05 00:00:00','2020-05-05 00:00:00'),(24,10,0,69,'2020-03-06 00:00:00','2020-03-06 00:00:00'),(25,10,1,50,'2020-02-27 00:00:00','2020-02-27 00:00:00'),(26,1,0,24,'2019-10-14 00:00:00','2019-10-14 00:00:00'),(26,2,0,21,'2020-01-02 00:00:00','2020-01-02 00:00:00'),(26,3,1,39,'2020-07-19 00:00:00','2020-07-19 00:00:00'),(26,8,1,50,'2019-10-11 00:00:00','2019-10-11 00:00:00'),(26,16,0,36,'2020-02-03 00:00:00','2020-02-03 00:00:00'),(26,19,0,80,'2020-07-08 00:00:00','2020-07-08 00:00:00'),(27,8,0,10,'2020-05-24 00:00:00','2020-05-24 00:00:00'),(27,16,0,38,'2020-08-12 00:00:00','2020-08-12 00:00:00'),(27,17,1,88,'2019-11-16 00:00:00','2019-11-16 00:00:00'),(28,3,1,18,'2020-06-17 00:00:00','2020-06-17 00:00:00'),(28,10,1,83,'2020-02-12 00:00:00','2020-02-12 00:00:00'),(28,11,0,46,'2020-03-24 00:00:00','2020-03-24 00:00:00'),(28,13,1,96,'2020-09-06 00:00:00','2020-09-06 00:00:00'),(28,14,0,89,'2020-04-15 00:00:00','2020-04-15 00:00:00'),(28,17,1,6,'2019-11-01 00:00:00','2019-11-01 00:00:00'),(29,5,0,63,'2019-11-20 00:00:00','2019-11-20 00:00:00'),(29,6,1,43,'2020-07-30 00:00:00','2020-07-30 00:00:00'),(29,8,1,100,'2020-03-10 00:00:00','2020-03-10 00:00:00'),(29,9,0,12,'2020-05-11 00:00:00','2020-05-11 00:00:00'),(29,11,1,60,'2020-07-15 00:00:00','2020-07-15 00:00:00'),(29,20,0,33,'2020-04-03 00:00:00','2020-04-03 00:00:00'),(30,4,0,27,'2020-01-31 00:00:00','2020-01-31 00:00:00'),(30,12,1,86,'2020-04-11 00:00:00','2020-04-11 00:00:00'),(31,1,0,67,'2020-07-09 00:00:00','2020-07-09 00:00:00'),(31,13,0,85,'2019-11-16 00:00:00','2019-11-16 00:00:00'),(31,14,0,25,'2020-04-15 00:00:00','2020-04-15 00:00:00'),(31,16,1,56,'2020-04-03 00:00:00','2020-04-03 00:00:00'),(32,7,1,7,'2020-09-07 00:00:00','2020-09-07 00:00:00'),(32,8,1,24,'2020-01-06 00:00:00','2020-01-06 00:00:00'),(32,10,1,26,'2020-07-21 00:00:00','2020-07-21 00:00:00'),(32,11,1,12,'2020-07-13 00:00:00','2020-07-13 00:00:00'),(32,12,0,39,'2019-12-15 00:00:00','2019-12-15 00:00:00'),(32,14,0,80,'2019-10-27 00:00:00','2019-10-27 00:00:00'),(32,20,1,68,'2020-04-21 00:00:00','2020-04-21 00:00:00'),(33,1,1,32,'2019-11-11 00:00:00','2019-11-11 00:00:00'),(33,6,1,25,'2019-09-19 00:00:00','2019-09-19 00:00:00'),(33,9,1,51,'2020-07-12 00:00:00','2020-07-12 00:00:00'),(33,14,0,98,'2020-05-15 00:00:00','2020-05-15 00:00:00'),(33,16,1,28,'2020-08-27 00:00:00','2020-08-27 00:00:00'),(34,3,1,88,'2020-09-02 00:00:00','2020-09-02 00:00:00'),(34,5,0,45,'2020-01-31 00:00:00','2020-01-31 00:00:00'),(34,10,1,95,'2020-02-07 00:00:00','2020-02-07 00:00:00'),(34,13,1,23,'2020-04-10 00:00:00','2020-04-10 00:00:00'),(34,16,0,45,'2020-05-05 00:00:00','2020-05-05 00:00:00'),(34,20,1,65,'2020-02-07 00:00:00','2020-02-07 00:00:00'),(35,6,1,12,'2020-07-05 00:00:00','2020-07-05 00:00:00'),(35,7,0,3,'2019-09-15 00:00:00','2019-09-15 00:00:00'),(35,8,0,46,'2020-07-04 00:00:00','2020-07-04 00:00:00'),(36,5,0,72,'2019-11-17 00:00:00','2019-11-17 00:00:00'),(36,7,1,84,'2020-04-18 00:00:00','2020-04-18 00:00:00'),(36,13,0,69,'2020-01-08 00:00:00','2020-01-08 00:00:00'),(36,19,1,45,'2020-07-21 00:00:00','2020-07-21 00:00:00'),(36,20,0,40,'2019-12-10 00:00:00','2019-12-10 00:00:00'),(37,2,1,88,'2019-10-30 00:00:00','2019-10-30 00:00:00'),(37,7,0,4,'2019-11-12 00:00:00','2019-11-12 00:00:00'),(37,18,1,99,'2020-07-10 00:00:00','2020-07-10 00:00:00'),(38,1,0,45,'2020-06-13 00:00:00','2020-06-13 00:00:00'),(38,13,1,49,'2019-10-11 00:00:00','2019-10-11 00:00:00'),(38,14,1,71,'2020-01-15 00:00:00','2020-01-15 00:00:00'),(38,17,0,62,'2019-12-27 00:00:00','2019-12-27 00:00:00'),(39,1,1,95,'2019-12-26 00:00:00','2019-12-26 00:00:00'),(39,6,1,79,'2020-03-15 00:00:00','2020-03-15 00:00:00'),(39,18,0,8,'2020-02-23 00:00:00','2020-02-23 00:00:00'),(40,12,0,55,'2019-11-17 00:00:00','2019-11-17 00:00:00'),(40,14,0,84,'2019-11-24 00:00:00','2019-11-24 00:00:00'),(40,18,0,33,'2020-04-13 00:00:00','2020-04-13 00:00:00'),(41,3,0,73,'2020-02-13 00:00:00','2020-02-13 00:00:00'),(41,5,1,31,'2019-11-28 00:00:00','2019-11-28 00:00:00'),(41,6,0,50,'2019-12-26 00:00:00','2019-12-26 00:00:00'),(41,8,0,31,'2020-02-20 00:00:00','2020-02-20 00:00:00'),(41,14,1,37,'2020-06-12 00:00:00','2020-06-12 00:00:00');
/*!40000 ALTER TABLE `interactions_by_playlists` ENABLE KEYS */;

--
-- Table structure for table `interactions_by_songs`
--

DROP TABLE IF EXISTS `interactions_by_songs`;
/*!40101 SET @saved_cs_client     = @@character_set_client */;
/*!50503 SET character_set_client = utf8mb4 */;
CREATE TABLE `interactions_by_songs` (
  `user_id` int NOT NULL,
  `song_id` int NOT NULL,
  `is_liked` tinyint(1) DEFAULT NULL,
  `play_count` int DEFAULT NULL,
  `created_at` datetime NOT NULL,
  `updated_at` datetime NOT NULL,
  PRIMARY KEY (`user_id`,`song_id`)
) ENGINE=InnoDB DEFAULT CHARSET=utf8mb4 COLLATE=utf8mb4_0900_ai_ci;
/*!40101 SET character_set_client = @saved_cs_client */;

--
-- Dumping data for table `interactions_by_songs`
--

/*!40000 ALTER TABLE `interactions_by_songs` DISABLE KEYS */;
INSERT INTO `interactions_by_songs` (`user_id`, `song_id`, `is_liked`, `play_count`, `created_at`, `updated_at`) VALUES (1,8,0,22,'2019-12-27 00:00:00','2019-12-27 00:00:00'),(1,10,1,66,'2019-11-30 00:00:00','2019-11-30 00:00:00'),(1,26,1,159,'2020-03-18 00:00:00','2020-03-18 00:00:00'),(1,30,0,74,'2019-12-20 00:00:00','2019-12-20 00:00:00'),(1,36,1,96,'2020-06-18 00:00:00','2020-06-18 00:00:00'),(1,39,1,29,'2019-12-19 00:00:00','2019-12-19 00:00:00'),(1,40,0,48,'2020-08-31 00:00:00','2020-08-31 00:00:00'),(1,42,0,92,'2019-10-31 00:00:00','2019-10-31 00:00:00'),(1,51,1,23,'2020-09-12 00:00:00','2020-09-12 00:00:00'),(2,1,0,56,'2020-05-07 00:00:00','2020-05-07 00:00:00'),(2,5,1,17,'2020-05-19 00:00:00','2020-05-19 00:00:00'),(2,6,0,44,'2020-02-12 00:00:00','2020-02-12 00:00:00'),(2,9,0,209,'2019-10-24 00:00:00','2019-10-24 00:00:00'),(2,17,1,8,'2020-05-17 00:00:00','2020-05-17 00:00:00'),(2,26,0,27,'2019-11-13 00:00:00','2019-11-13 00:00:00'),(2,29,0,45,'2020-09-11 00:00:00','2020-09-11 00:00:00'),(2,33,1,32,'2020-08-26 00:00:00','2020-08-26 00:00:00'),(2,43,0,218,'2020-07-29 00:00:00','2020-07-29 00:00:00'),(2,54,1,284,'2020-05-25 00:00:00','2020-05-25 00:00:00'),(3,8,1,1,'2019-10-21 00:00:00','2019-10-21 00:00:00'),(3,11,0,76,'2020-05-26 00:00:00','2020-05-26 00:00:00'),(3,12,1,47,'2020-08-06 00:00:00','2020-08-06 00:00:00'),(3,20,1,86,'2019-11-15 00:00:00','2019-11-15 00:00:00'),(3,28,1,14,'2019-10-14 00:00:00','2019-10-14 00:00:00'),(3,32,1,67,'2020-09-13 00:00:00','2020-09-13 00:00:00'),(3,33,1,53,'2020-09-15 00:00:00','2020-09-15 00:00:00'),(4,10,1,15,'2019-10-30 00:00:00','2019-10-30 00:00:00'),(4,18,1,38,'2020-07-01 00:00:00','2020-07-01 00:00:00'),(4,31,1,79,'2020-06-27 00:00:00','2020-06-27 00:00:00'),(4,32,1,85,'2019-11-06 00:00:00','2019-11-06 00:00:00'),(4,34,1,61,'2020-02-29 00:00:00','2020-02-29 00:00:00'),(4,54,0,21,'2020-04-30 00:00:00','2020-04-30 00:00:00'),(5,7,1,80,'2019-10-21 00:00:00','2019-10-21 00:00:00'),(5,12,1,51,'2020-07-19 00:00:00','2020-07-19 00:00:00'),(5,17,1,73,'2019-10-09 00:00:00','2019-10-09 00:00:00'),(5,28,1,20,'2020-06-19 00:00:00','2020-06-19 00:00:00'),(5,33,0,256,'2020-04-15 00:00:00','2020-04-15 00:00:00'),(5,40,0,62,'2019-10-10 00:00:00','2019-10-10 00:00:00'),(5,42,1,33,'2020-08-03 00:00:00','2020-08-03 00:00:00'),(5,46,0,16,'2020-04-20 00:00:00','2020-04-20 00:00:00'),(5,48,1,21,'2019-12-20 00:00:00','2019-12-20 00:00:00'),(5,49,0,90,'2020-07-31 00:00:00','2020-07-31 00:00:00'),(6,6,0,4,'2019-11-03 00:00:00','2019-11-03 00:00:00'),(6,8,0,79,'2020-02-10 00:00:00','2020-02-10 00:00:00'),(6,9,0,7,'2019-12-03 00:00:00','2019-12-03 00:00:00'),(6,10,1,64,'2020-03-09 00:00:00','2020-03-09 00:00:00'),(6,13,1,8,'2020-08-26 00:00:00','2020-08-26 00:00:00'),(6,29,0,89,'2020-07-17 00:00:00','2020-07-17 00:00:00'),(6,31,1,71,'2020-08-07 00:00:00','2020-08-07 00:00:00'),(6,37,1,30,'2020-08-18 00:00:00','2020-08-18 00:00:00'),(7,3,0,62,'2020-04-03 00:00:00','2020-04-03 00:00:00'),(7,5,0,31,'2020-05-21 00:00:00','2020-05-21 00:00:00'),(7,7,0,53,'2019-11-21 00:00:00','2019-11-21 00:00:00'),(7,8,0,85,'2019-12-07 00:00:00','2019-12-07 00:00:00'),(7,9,0,68,'2020-06-28 00:00:00','2020-06-28 00:00:00'),(7,14,1,64,'2019-09-29 00:00:00','2019-09-29 00:00:00'),(7,25,1,47,'2019-12-30 00:00:00','2019-12-30 00:00:00'),(7,26,1,277,'2020-02-22 00:00:00','2020-02-22 00:00:00'),(7,34,1,8,'2020-03-02 00:00:00','2020-03-02 00:00:00'),(7,50,0,255,'2020-06-27 00:00:00','2020-06-27 00:00:00'),(8,3,0,29,'2020-06-01 00:00:00','2020-06-01 00:00:00'),(8,8,1,92,'2019-09-23 00:00:00','2019-09-23 00:00:00'),(8,33,1,90,'2020-03-09 00:00:00','2020-03-09 00:00:00'),(8,36,1,65,'2020-01-17 00:00:00','2020-01-17 00:00:00'),(8,39,0,15,'2019-11-25 00:00:00','2019-11-25 00:00:00'),(8,41,1,23,'2020-05-02 00:00:00','2020-05-02 00:00:00'),(8,43,1,200,'2020-07-13 00:00:00','2020-07-13 00:00:00'),(8,53,0,53,'2020-08-17 00:00:00','2020-08-17 00:00:00'),(9,7,0,28,'2020-03-13 00:00:00','2020-03-13 00:00:00'),(9,8,0,65,'2020-07-16 00:00:00','2020-07-16 00:00:00'),(9,9,0,6,'2020-03-22 00:00:00','2020-03-22 00:00:00'),(9,11,1,107,'2020-09-15 00:00:00','2020-09-15 00:00:00'),(9,15,0,4,'2019-09-28 00:00:00','2019-09-28 00:00:00'),(9,27,0,4,'2019-10-29 00:00:00','2019-10-29 00:00:00'),(9,34,0,106,'2020-01-31 00:00:00','2020-01-31 00:00:00'),(9,35,0,11,'2020-07-31 00:00:00','2020-07-31 00:00:00'),(9,40,1,27,'2019-11-14 00:00:00','2019-11-14 00:00:00'),(9,49,1,41,'2020-07-26 00:00:00','2020-07-26 00:00:00'),(9,51,0,35,'2020-03-12 00:00:00','2020-03-12 00:00:00'),(10,3,1,136,'2020-02-15 00:00:00','2020-02-15 00:00:00'),(10,5,0,43,'2020-01-30 00:00:00','2020-01-30 00:00:00'),(10,11,1,84,'2019-10-25 00:00:00','2019-10-25 00:00:00'),(10,18,0,13,'2019-10-25 00:00:00','2019-10-25 00:00:00'),(10,29,1,65,'2019-09-25 00:00:00','2019-09-25 00:00:00'),(10,31,1,87,'2020-06-27 00:00:00','2020-06-27 00:00:00'),(10,36,1,37,'2020-01-25 00:00:00','2020-01-25 00:00:00'),(10,38,1,96,'2020-05-26 00:00:00','2020-05-26 00:00:00'),(10,40,0,37,'2020-04-24 00:00:00','2020-04-24 00:00:00'),(10,52,0,80,'2020-03-19 00:00:00','2020-03-19 00:00:00'),(10,54,1,76,'2020-02-03 00:00:00','2020-02-03 00:00:00'),(11,4,0,72,'2019-10-01 00:00:00','2019-10-01 00:00:00'),(11,7,1,54,'2020-05-18 00:00:00','2020-05-18 00:00:00'),(11,13,1,29,'2019-10-15 00:00:00','2019-10-15 00:00:00'),(11,16,0,14,'2019-12-01 00:00:00','2019-12-01 00:00:00'),(11,25,0,12,'2020-01-27 00:00:00','2020-01-27 00:00:00'),(11,30,0,46,'2020-02-09 00:00:00','2020-02-09 00:00:00'),(11,39,0,90,'2020-02-13 00:00:00','2020-02-13 00:00:00'),(11,40,0,210,'2019-10-06 00:00:00','2019-10-06 00:00:00'),(11,47,1,61,'2020-06-06 00:00:00','2020-06-06 00:00:00'),(11,54,0,87,'2020-06-05 00:00:00','2020-06-05 00:00:00'),(12,5,0,95,'2020-01-04 00:00:00','2020-01-04 00:00:00'),(12,10,0,58,'2020-04-01 00:00:00','2020-04-01 00:00:00'),(12,15,1,179,'2020-04-17 00:00:00','2020-04-17 00:00:00'),(12,16,1,92,'2019-10-09 00:00:00','2019-10-09 00:00:00'),(12,30,0,60,'2020-08-23 00:00:00','2020-08-23 00:00:00'),(12,32,1,26,'2020-05-01 00:00:00','2020-05-01 00:00:00'),(12,36,1,3,'2020-02-03 00:00:00','2020-02-03 00:00:00'),(12,43,0,10,'2020-02-09 00:00:00','2020-02-09 00:00:00'),(12,45,0,71,'2019-11-22 00:00:00','2019-11-22 00:00:00'),(12,46,0,77,'2020-06-04 00:00:00','2020-06-04 00:00:00'),(12,48,0,42,'2020-01-05 00:00:00','2020-01-05 00:00:00'),(13,9,1,84,'2020-09-09 00:00:00','2020-09-09 00:00:00'),(13,15,1,63,'2020-07-11 00:00:00','2020-07-11 00:00:00'),(13,35,0,78,'2019-10-25 00:00:00','2019-10-25 00:00:00'),(13,40,0,40,'2020-04-27 00:00:00','2020-04-27 00:00:00'),(13,53,1,279,'2019-09-25 00:00:00','2019-09-25 00:00:00'),(14,8,0,14,'2020-04-05 00:00:00','2020-04-05 00:00:00'),(14,16,0,12,'2020-07-04 00:00:00','2020-07-04 00:00:00'),(14,27,0,82,'2020-03-15 00:00:00','2020-03-15 00:00:00'),(14,28,0,5,'2020-01-22 00:00:00','2020-01-22 00:00:00'),(14,34,0,94,'2020-08-23 00:00:00','2020-08-23 00:00:00'),(14,37,0,50,'2019-12-22 00:00:00','2019-12-22 00:00:00'),(14,38,0,49,'2020-01-12 00:00:00','2020-01-12 00:00:00'),(14,40,0,88,'2020-01-20 00:00:00','2020-01-20 00:00:00'),(14,47,0,8,'2020-09-04 00:00:00','2020-09-04 00:00:00'),(14,50,0,76,'2020-09-04 00:00:00','2020-09-04 00:00:00'),(15,4,1,99,'2020-09-07 00:00:00','2020-09-07 00:00:00'),(15,20,0,80,'2019-11-29 00:00:00','2019-11-29 00:00:00'),(15,26,0,26,'2020-09-09 00:00:00','2020-09-09 00:00:00'),(15,31,0,34,'2019-12-02 00:00:00','2019-12-02 00:00:00'),(15,37,1,38,'2020-06-13 00:00:00','2020-06-13 00:00:00'),(15,40,1,254,'2019-11-12 00:00:00','2019-11-12 00:00:00'),(15,44,0,58,'2019-09-19 00:00:00','2019-09-19 00:00:00'),(15,50,0,1,'2020-06-24 00:00:00','2020-06-24 00:00:00'),(15,53,0,71,'2019-12-22 00:00:00','2019-12-22 00:00:00'),(16,2,1,218,'2020-05-01 00:00:00','2020-05-01 00:00:00'),(16,6,1,32,'2020-01-03 00:00:00','2020-01-03 00:00:00'),(16,10,0,251,'2020-03-11 00:00:00','2020-03-11 00:00:00'),(16,19,1,24,'2020-01-23 00:00:00','2020-01-23 00:00:00'),(16,20,1,39,'2020-01-26 00:00:00','2020-01-26 00:00:00'),(16,28,1,96,'2020-07-07 00:00:00','2020-07-07 00:00:00'),(16,44,0,35,'2020-06-15 00:00:00','2020-06-15 00:00:00'),(16,54,1,43,'2019-12-26 00:00:00','2019-12-26 00:00:00'),(17,5,1,87,'2020-08-16 00:00:00','2020-08-16 00:00:00'),(17,10,1,208,'2019-12-15 00:00:00','2019-12-15 00:00:00'),(17,20,0,15,'2019-11-07 00:00:00','2019-11-07 00:00:00'),(17,52,0,49,'2020-03-21 00:00:00','2020-03-21 00:00:00'),(18,7,0,30,'2019-10-27 00:00:00','2019-10-27 00:00:00'),(18,10,1,24,'2019-12-28 00:00:00','2019-12-28 00:00:00'),(18,14,1,81,'2019-12-13 00:00:00','2019-12-13 00:00:00'),(18,17,0,40,'2019-10-24 00:00:00','2019-10-24 00:00:00'),(18,18,0,16,'2020-05-05 00:00:00','2020-05-05 00:00:00'),(18,19,1,41,'2020-01-24 00:00:00','2020-01-24 00:00:00'),(18,34,1,37,'2020-05-22 00:00:00','2020-05-22 00:00:00'),(18,41,0,17,'2020-01-27 00:00:00','2020-01-27 00:00:00'),(18,42,1,46,'2019-10-07 00:00:00','2019-10-07 00:00:00'),(18,43,0,15,'2020-01-03 00:00:00','2020-01-03 00:00:00'),(18,50,0,50,'2020-06-12 00:00:00','2020-06-12 00:00:00'),(18,53,0,20,'2020-01-12 00:00:00','2020-01-12 00:00:00'),(18,54,0,20,'2020-06-27 00:00:00','2020-06-27 00:00:00'),(19,8,0,43,'2020-04-20 00:00:00','2020-04-20 00:00:00'),(19,9,0,50,'2020-02-17 00:00:00','2020-02-17 00:00:00'),(19,10,0,60,'2020-03-22 00:00:00','2020-03-22 00:00:00'),(19,18,0,73,'2019-11-30 00:00:00','2019-11-30 00:00:00'),(19,39,0,63,'2020-02-21 00:00:00','2020-02-21 00:00:00'),(20,2,0,257,'2019-11-19 00:00:00','2019-11-19 00:00:00'),(20,5,0,197,'2019-12-11 00:00:00','2019-12-11 00:00:00'),(20,12,0,39,'2020-05-31 00:00:00','2020-05-31 00:00:00'),(20,17,1,46,'2019-12-14 00:00:00','2019-12-14 00:00:00'),(20,26,0,65,'2020-08-26 00:00:00','2020-08-26 00:00:00'),(20,28,1,96,'2019-10-19 00:00:00','2019-10-19 00:00:00'),(20,29,0,11,'2019-12-05 00:00:00','2019-12-05 00:00:00'),(20,39,1,39,'2020-06-26 00:00:00','2020-06-26 00:00:00'),(20,48,1,52,'2019-09-21 00:00:00','2019-09-21 00:00:00'),(20,49,1,70,'2020-01-14 00:00:00','2020-01-14 00:00:00'),(20,53,0,38,'2020-09-13 00:00:00','2020-09-13 00:00:00'),(21,4,1,13,'2020-01-14 00:00:00','2020-01-14 00:00:00'),(21,18,1,74,'2020-07-06 00:00:00','2020-07-06 00:00:00'),(21,26,0,26,'2020-05-12 00:00:00','2020-05-12 00:00:00'),(21,30,1,94,'2019-12-23 00:00:00','2019-12-23 00:00:00'),(21,38,1,20,'2019-10-16 00:00:00','2019-10-16 00:00:00'),(21,41,0,71,'2019-12-06 00:00:00','2019-12-06 00:00:00'),(21,52,0,65,'2019-09-29 00:00:00','2019-09-29 00:00:00'),(21,53,1,69,'2019-09-25 00:00:00','2019-09-25 00:00:00'),(22,9,1,56,'2020-02-05 00:00:00','2020-02-05 00:00:00'),(22,20,1,61,'2019-09-27 00:00:00','2019-09-27 00:00:00'),(22,27,1,62,'2020-03-10 00:00:00','2020-03-10 00:00:00'),(22,28,0,94,'2020-04-01 00:00:00','2020-04-01 00:00:00'),(22,36,1,45,'2019-10-18 00:00:00','2019-10-18 00:00:00'),(22,37,0,66,'2020-06-16 00:00:00','2020-06-16 00:00:00'),(22,40,0,87,'2020-04-07 00:00:00','2020-04-07 00:00:00'),(22,42,0,214,'2019-12-12 00:00:00','2019-12-12 00:00:00'),(22,43,0,10,'2020-03-26 00:00:00','2020-03-26 00:00:00'),(23,1,0,185,'2019-09-23 00:00:00','2019-09-23 00:00:00'),(23,8,1,11,'2020-03-07 00:00:00','2020-03-07 00:00:00'),(23,15,1,12,'2020-08-22 00:00:00','2020-08-22 00:00:00'),(23,29,0,262,'2019-11-15 00:00:00','2019-11-15 00:00:00'),(23,30,1,51,'2020-01-20 00:00:00','2020-01-20 00:00:00'),(23,33,0,89,'2020-02-15 00:00:00','2020-02-15 00:00:00'),(23,40,1,3,'2019-09-22 00:00:00','2019-09-22 00:00:00'),(23,45,0,97,'2020-01-20 00:00:00','2020-01-20 00:00:00'),(23,48,1,167,'2019-12-19 00:00:00','2019-12-19 00:00:00'),(23,49,1,80,'2020-06-09 00:00:00','2020-06-09 00:00:00'),(23,51,1,67,'2019-11-24 00:00:00','2019-11-24 00:00:00'),(24,8,1,77,'2020-05-09 00:00:00','2020-05-09 00:00:00'),(24,13,0,24,'2019-12-01 00:00:00','2019-12-01 00:00:00'),(24,16,1,13,'2020-06-18 00:00:00','2020-06-18 00:00:00'),(24,33,0,263,'2020-05-01 00:00:00','2020-05-01 00:00:00'),(24,34,0,54,'2019-10-07 00:00:00','2019-10-07 00:00:00'),(24,35,0,95,'2020-03-11 00:00:00','2020-03-11 00:00:00'),(24,38,1,80,'2019-10-02 00:00:00','2019-10-02 00:00:00'),(24,39,0,8,'2020-05-05 00:00:00','2020-05-05 00:00:00'),(24,50,1,31,'2020-06-18 00:00:00','2020-06-18 00:00:00'),(24,54,0,61,'2020-06-05 00:00:00','2020-06-05 00:00:00'),(25,1,1,80,'2020-04-22 00:00:00','2020-04-22 00:00:00'),(25,3,1,5,'2020-04-02 00:00:00','2020-04-02 00:00:00'),(25,7,0,1,'2020-02-15 00:00:00','2020-02-15 00:00:00'),(25,10,1,262,'2020-06-05 00:00:00','2020-06-05 00:00:00'),(25,16,1,17,'2019-11-27 00:00:00','2019-11-27 00:00:00'),(25,17,0,27,'2020-05-20 00:00:00','2020-05-20 00:00:00'),(25,18,1,8,'2020-03-26 00:00:00','2020-03-26 00:00:00'),(25,29,0,7,'2020-02-01 00:00:00','2020-02-01 00:00:00'),(25,30,0,36,'2020-08-04 00:00:00','2020-08-04 00:00:00'),(25,31,0,46,'2020-07-26 00:00:00','2020-07-26 00:00:00'),(25,33,0,89,'2020-06-26 00:00:00','2020-06-26 00:00:00'),(25,46,1,95,'2019-11-11 00:00:00','2019-11-11 00:00:00'),(25,47,1,46,'2019-12-13 00:00:00','2019-12-13 00:00:00'),(25,48,0,270,'2020-01-22 00:00:00','2020-01-22 00:00:00'),(25,51,1,25,'2020-07-25 00:00:00','2020-07-25 00:00:00'),(26,3,0,191,'2019-12-16 00:00:00','2019-12-16 00:00:00'),(26,5,1,19,'2020-01-10 00:00:00','2020-01-10 00:00:00'),(26,6,0,63,'2020-07-19 00:00:00','2020-07-19 00:00:00'),(26,17,1,5,'2020-03-16 00:00:00','2020-03-16 00:00:00'),(26,29,1,81,'2020-08-03 00:00:00','2020-08-03 00:00:00'),(26,34,1,3,'2020-02-06 00:00:00','2020-02-06 00:00:00'),(26,35,0,14,'2020-06-19 00:00:00','2020-06-19 00:00:00'),(26,37,1,30,'2019-12-15 00:00:00','2019-12-15 00:00:00'),(26,39,0,9,'2019-11-13 00:00:00','2019-11-13 00:00:00'),(26,44,1,48,'2020-01-23 00:00:00','2020-01-23 00:00:00'),(26,45,1,120,'2020-06-09 00:00:00','2020-06-09 00:00:00'),(26,46,0,36,'2019-11-23 00:00:00','2019-11-23 00:00:00'),(27,1,1,28,'2020-07-07 00:00:00','2020-07-07 00:00:00'),(27,7,0,24,'2020-02-17 00:00:00','2020-02-17 00:00:00'),(27,9,1,2,'2019-11-07 00:00:00','2019-11-07 00:00:00'),(27,12,1,54,'2020-06-04 00:00:00','2020-06-04 00:00:00'),(27,14,1,172,'2020-07-23 00:00:00','2020-07-23 00:00:00'),(27,15,1,82,'2020-04-16 00:00:00','2020-04-16 00:00:00'),(27,27,0,210,'2020-02-15 00:00:00','2020-02-15 00:00:00'),(27,28,0,3,'2020-04-05 00:00:00','2020-04-05 00:00:00'),(27,36,0,279,'2020-04-30 00:00:00','2020-04-30 00:00:00'),(27,41,0,48,'2020-03-13 00:00:00','2020-03-13 00:00:00'),(27,43,0,71,'2020-08-29 00:00:00','2020-08-29 00:00:00'),(27,46,0,25,'2020-03-01 00:00:00','2020-03-01 00:00:00'),(27,50,0,59,'2020-06-25 00:00:00','2020-06-25 00:00:00'),(27,53,1,96,'2020-06-11 00:00:00','2020-06-11 00:00:00'),(28,7,0,77,'2019-11-06 00:00:00','2019-11-06 00:00:00'),(28,17,0,80,'2020-02-27 00:00:00','2020-02-27 00:00:00'),(28,25,0,270,'2020-01-29 00:00:00','2020-01-29 00:00:00'),(28,30,0,202,'2019-12-18 00:00:00','2019-12-18 00:00:00'),(28,37,1,44,'2019-09-26 00:00:00','2019-09-26 00:00:00'),(28,45,1,4,'2020-01-18 00:00:00','2020-01-18 00:00:00'),(28,47,1,90,'2020-05-16 00:00:00','2020-05-16 00:00:00'),(28,51,0,69,'2019-11-30 00:00:00','2019-11-30 00:00:00'),(29,1,0,36,'2020-08-17 00:00:00','2020-08-17 00:00:00'),(29,7,0,185,'2019-11-12 00:00:00','2019-11-12 00:00:00'),(29,17,1,12,'2020-07-13 00:00:00','2020-07-13 00:00:00'),(29,19,1,21,'2020-04-22 00:00:00','2020-04-22 00:00:00'),(29,39,0,49,'2019-10-24 00:00:00','2019-10-24 00:00:00'),(30,25,0,14,'2019-10-25 00:00:00','2019-10-25 00:00:00'),(30,29,1,258,'2019-10-08 00:00:00','2019-10-08 00:00:00'),(30,31,1,15,'2020-02-21 00:00:00','2020-02-21 00:00:00'),(30,40,0,87,'2019-12-19 00:00:00','2019-12-19 00:00:00'),(30,42,1,82,'2019-12-17 00:00:00','2019-12-17 00:00:00'),(31,4,0,57,'2020-04-18 00:00:00','2020-04-18 00:00:00'),(31,5,0,71,'2020-08-22 00:00:00','2020-08-22 00:00:00'),(31,12,1,52,'2020-08-25 00:00:00','2020-08-25 00:00:00'),(31,18,1,49,'2019-11-25 00:00:00','2019-11-25 00:00:00'),(31,20,0,71,'2020-04-01 00:00:00','2020-04-01 00:00:00'),(31,25,0,37,'2020-06-11 00:00:00','2020-06-11 00:00:00'),(31,26,0,2,'2020-04-20 00:00:00','2020-04-20 00:00:00'),(31,33,1,45,'2020-03-13 00:00:00','2020-03-13 00:00:00'),(31,34,1,41,'2020-02-25 00:00:00','2020-02-25 00:00:00'),(31,43,1,159,'2019-10-23 00:00:00','2019-10-23 00:00:00'),(31,54,1,28,'2019-09-30 00:00:00','2019-09-30 00:00:00'),(32,2,1,94,'2020-08-01 00:00:00','2020-08-01 00:00:00'),(32,6,1,76,'2020-08-11 00:00:00','2020-08-11 00:00:00'),(32,9,1,52,'2020-09-04 00:00:00','2020-09-04 00:00:00'),(32,27,1,70,'2019-12-22 00:00:00','2019-12-22 00:00:00'),(32,28,0,110,'2020-09-06 00:00:00','2020-09-06 00:00:00'),(32,29,0,20,'2020-08-01 00:00:00','2020-08-01 00:00:00'),(32,30,1,63,'2020-06-26 00:00:00','2020-06-26 00:00:00'),(32,32,1,18,'2020-03-19 00:00:00','2020-03-19 00:00:00'),(32,36,1,19,'2019-10-20 00:00:00','2019-10-20 00:00:00'),(32,43,0,91,'2020-03-06 00:00:00','2020-03-06 00:00:00'),(32,46,0,91,'2020-02-09 00:00:00','2020-02-09 00:00:00'),(32,47,1,10,'2020-02-27 00:00:00','2020-02-27 00:00:00'),(33,1,1,16,'2020-06-06 00:00:00','2020-06-06 00:00:00'),(33,4,1,8,'2019-09-16 00:00:00','2019-09-16 00:00:00'),(33,6,1,56,'2020-03-20 00:00:00','2020-03-20 00:00:00'),(33,7,1,43,'2020-04-14 00:00:00','2020-04-14 00:00:00'),(33,9,0,103,'2019-10-01 00:00:00','2019-10-01 00:00:00'),(33,10,1,57,'2020-02-29 00:00:00','2020-02-29 00:00:00'),(33,12,1,80,'2020-06-20 00:00:00','2020-06-20 00:00:00'),(33,20,1,4,'2020-05-18 00:00:00','2020-05-18 00:00:00'),(33,29,1,15,'2019-10-07 00:00:00','2019-10-07 00:00:00'),(33,33,1,3,'2020-03-06 00:00:00','2020-03-06 00:00:00'),(33,35,1,98,'2020-08-22 00:00:00','2020-08-22 00:00:00'),(33,37,0,59,'2020-01-21 00:00:00','2020-01-21 00:00:00'),(33,52,0,98,'2020-08-24 00:00:00','2020-08-24 00:00:00'),(33,54,0,59,'2020-08-11 00:00:00','2020-08-11 00:00:00'),(34,6,0,128,'2020-06-30 00:00:00','2020-06-30 00:00:00'),(34,9,1,42,'2019-10-23 00:00:00','2019-10-23 00:00:00'),(34,10,1,93,'2020-04-06 00:00:00','2020-04-06 00:00:00'),(34,12,0,96,'2020-04-03 00:00:00','2020-04-03 00:00:00'),(34,18,1,21,'2020-02-27 00:00:00','2020-02-27 00:00:00'),(34,25,1,78,'2020-09-06 00:00:00','2020-09-06 00:00:00'),(34,31,0,72,'2020-07-25 00:00:00','2020-07-25 00:00:00'),(34,32,1,138,'2020-04-01 00:00:00','2020-04-01 00:00:00'),(34,34,0,77,'2020-04-01 00:00:00','2020-04-01 00:00:00'),(34,39,1,90,'2020-08-31 00:00:00','2020-08-31 00:00:00'),(34,43,0,71,'2019-10-30 00:00:00','2019-10-30 00:00:00'),(34,45,0,47,'2020-07-25 00:00:00','2020-07-25 00:00:00'),(34,50,0,85,'2020-04-01 00:00:00','2020-04-01 00:00:00'),(34,51,1,100,'2019-11-24 00:00:00','2019-11-24 00:00:00'),(34,52,0,99,'2020-02-20 00:00:00','2020-02-20 00:00:00'),(35,9,1,8,'2020-02-11 00:00:00','2020-02-11 00:00:00'),(35,10,0,22,'2020-09-01 00:00:00','2020-09-01 00:00:00'),(35,12,1,30,'2019-09-27 00:00:00','2019-09-27 00:00:00'),(35,20,1,70,'2020-07-18 00:00:00','2020-07-18 00:00:00'),(35,27,1,85,'2020-01-23 00:00:00','2020-01-23 00:00:00'),(35,32,0,235,'2020-06-21 00:00:00','2020-06-21 00:00:00'),(35,45,1,98,'2020-02-23 00:00:00','2020-02-23 00:00:00'),(35,54,0,18,'2020-01-27 00:00:00','2020-01-27 00:00:00'),(36,13,1,83,'2020-01-26 00:00:00','2020-01-26 00:00:00'),(36,14,0,76,'2020-05-20 00:00:00','2020-05-20 00:00:00'),(36,18,1,29,'2020-05-13 00:00:00','2020-05-13 00:00:00'),(36,33,1,87,'2020-05-16 00:00:00','2020-05-16 00:00:00'),(36,36,1,7,'2020-05-08 00:00:00','2020-05-08 00:00:00'),(36,37,1,26,'2020-04-30 00:00:00','2020-04-30 00:00:00'),(36,52,1,51,'2020-03-01 00:00:00','2020-03-01 00:00:00'),(37,2,0,18,'2020-04-19 00:00:00','2020-04-19 00:00:00'),(37,5,0,86,'2019-10-25 00:00:00','2019-10-25 00:00:00'),(37,7,1,1,'2020-04-26 00:00:00','2020-04-26 00:00:00'),(37,11,1,79,'2020-04-03 00:00:00','2020-04-03 00:00:00'),(37,13,0,38,'2020-08-26 00:00:00','2020-08-26 00:00:00'),(37,16,0,32,'2019-11-14 00:00:00','2019-11-14 00:00:00'),(37,19,0,69,'2019-11-10 00:00:00','2019-11-10 00:00:00'),(37,31,0,50,'2020-05-28 00:00:00','2020-05-28 00:00:00'),(37,34,1,52,'2020-06-15 00:00:00','2020-06-15 00:00:00'),(37,38,1,91,'2020-02-19 00:00:00','2020-02-19 00:00:00'),(37,41,0,60,'2020-05-20 00:00:00','2020-05-20 00:00:00'),(37,49,0,31,'2019-12-05 00:00:00','2019-12-05 00:00:00'),(37,54,1,28,'2020-02-02 00:00:00','2020-02-02 00:00:00'),(38,12,0,41,'2020-03-07 00:00:00','2020-03-07 00:00:00'),(38,40,0,3,'2020-08-17 00:00:00','2020-08-17 00:00:00'),(38,46,0,19,'2019-12-10 00:00:00','2019-12-10 00:00:00'),(39,1,1,13,'2020-03-13 00:00:00','2020-03-13 00:00:00'),(39,8,0,46,'2019-11-22 00:00:00','2019-11-22 00:00:00'),(39,13,1,37,'2019-12-12 00:00:00','2019-12-12 00:00:00'),(39,25,0,75,'2019-10-18 00:00:00','2019-10-18 00:00:00'),(39,26,1,19,'2019-12-26 00:00:00','2019-12-26 00:00:00'),(39,28,1,62,'2019-11-14 00:00:00','2019-11-14 00:00:00'),(39,33,1,69,'2020-04-10 00:00:00','2020-04-10 00:00:00'),(39,38,1,26,'2019-11-13 00:00:00','2019-11-13 00:00:00'),(39,46,0,70,'2020-08-04 00:00:00','2020-08-04 00:00:00'),(39,47,1,69,'2020-05-03 00:00:00','2020-05-03 00:00:00'),(39,49,1,91,'2020-01-02 00:00:00','2020-01-02 00:00:00'),(39,50,0,280,'2020-03-07 00:00:00','2020-03-07 00:00:00'),(39,54,1,283,'2019-11-21 00:00:00','2019-11-21 00:00:00'),(40,7,0,26,'2020-02-28 00:00:00','2020-02-28 00:00:00'),(40,8,1,117,'2020-02-06 00:00:00','2020-02-06 00:00:00'),(40,20,1,164,'2020-02-18 00:00:00','2020-02-18 00:00:00'),(40,39,0,96,'2020-04-23 00:00:00','2020-04-23 00:00:00'),(40,45,1,15,'2020-04-04 00:00:00','2020-04-04 00:00:00'),(41,3,1,58,'2019-12-25 00:00:00','2019-12-25 00:00:00'),(41,4,1,77,'2020-02-18 00:00:00','2020-02-18 00:00:00'),(41,11,1,22,'2020-06-15 00:00:00','2020-06-15 00:00:00'),(41,15,1,21,'2020-01-26 00:00:00','2020-01-26 00:00:00'),(41,16,0,100,'2019-12-27 00:00:00','2019-12-27 00:00:00'),(41,45,0,74,'2020-07-07 00:00:00','2020-07-07 00:00:00'),(41,48,0,43,'2019-09-30 00:00:00','2019-09-30 00:00:00'),(41,50,0,68,'2019-10-19 00:00:00','2019-10-19 00:00:00');
/*!40000 ALTER TABLE `interactions_by_songs` ENABLE KEYS */;

--
-- Table structure for table `playlist_songs`
--

DROP TABLE IF EXISTS `playlist_songs`;
/*!40101 SET @saved_cs_client     = @@character_set_client */;
/*!50503 SET character_set_client = utf8mb4 */;
CREATE TABLE `playlist_songs` (
  `playlist_id` int NOT NULL,
  `song_id` int NOT NULL,
  `released_at` datetime DEFAULT NULL,
  `created_at` datetime NOT NULL,
  `updated_at` datetime NOT NULL,
  PRIMARY KEY (`playlist_id`,`song_id`)
) ENGINE=InnoDB DEFAULT CHARSET=utf8mb4 COLLATE=utf8mb4_0900_ai_ci;
/*!40101 SET character_set_client = @saved_cs_client */;

--
-- Dumping data for table `playlist_songs`
--

/*!40000 ALTER TABLE `playlist_songs` DISABLE KEYS */;
INSERT INTO `playlist_songs` (`playlist_id`, `song_id`, `released_at`, `created_at`, `updated_at`) VALUES (1,45,'2020-06-21 00:00:00','2020-06-21 00:00:00','2020-06-21 00:00:00'),(1,46,'2020-06-21 00:00:00','2020-06-21 00:00:00','2020-06-21 00:00:00'),(1,47,'2020-06-21 00:00:00','2020-06-21 00:00:00','2020-06-21 00:00:00'),(1,48,'2020-06-21 00:00:00','2020-06-21 00:00:00','2020-06-21 00:00:00'),(1,49,'2020-06-21 00:00:00','2020-06-21 00:00:00','2020-06-21 00:00:00'),(1,50,'2020-06-21 00:00:00','2020-06-21 00:00:00','2020-06-21 00:00:00'),(1,51,'2020-06-21 00:00:00','2020-06-21 00:00:00','2020-06-21 00:00:00'),(1,52,'2020-06-21 00:00:00','2020-06-21 00:00:00','2020-06-21 00:00:00'),(1,53,'2020-06-21 00:00:00','2020-06-21 00:00:00','2020-06-21 00:00:00'),(1,54,'2020-06-21 00:00:00','2020-06-21 00:00:00','2020-06-21 00:00:00'),(2,35,'2020-06-21 00:00:00','2020-06-21 00:00:00','2020-06-21 00:00:00'),(2,36,'2020-06-21 00:00:00','2020-06-21 00:00:00','2020-06-21 00:00:00'),(2,37,'2020-06-21 00:00:00','2020-06-21 00:00:00','2020-06-21 00:00:00'),(2,38,'2020-06-21 00:00:00','2020-06-21 00:00:00','2020-06-21 00:00:00'),(2,39,'2020-06-21 00:00:00','2020-06-21 00:00:00','2020-06-21 00:00:00'),(2,40,'2020-06-21 00:00:00','2020-06-21 00:00:00','2020-06-21 00:00:00'),(2,41,'2020-06-21 00:00:00','2020-06-21 00:00:00','2020-06-21 00:00:00'),(2,42,'2020-06-21 00:00:00','2020-06-21 00:00:00','2020-06-21 00:00:00'),(2,43,'2020-06-21 00:00:00','2020-06-21 00:00:00','2020-06-21 00:00:00'),(2,44,'2020-06-21 00:00:00','2020-06-21 00:00:00','2020-06-21 00:00:00');
/*!40000 ALTER TABLE `playlist_songs` ENABLE KEYS */;

--
-- Table structure for table `playlists`
--

DROP TABLE IF EXISTS `playlists`;
/*!40101 SET @saved_cs_client     = @@character_set_client */;
/*!50503 SET character_set_client = utf8mb4 */;
CREATE TABLE `playlists` (
  `id` int NOT NULL AUTO_INCREMENT,
  `name` varchar(255) DEFAULT NULL,
  `cover_img` varchar(255) DEFAULT NULL,
  `released_at` datetime DEFAULT NULL,
  `created_at` datetime NOT NULL,
  `updated_at` datetime NOT NULL,
  `deleted_at` datetime DEFAULT NULL,
  PRIMARY KEY (`id`)
) ENGINE=InnoDB AUTO_INCREMENT=21 DEFAULT CHARSET=utf8mb4 COLLATE=utf8mb4_0900_ai_ci;
/*!40101 SET character_set_client = @saved_cs_client */;

--
-- Dumping data for table `playlists`
--

/*!40000 ALTER TABLE `playlists` DISABLE KEYS */;
INSERT INTO `playlists` (`id`, `name`, `cover_img`, `released_at`, `created_at`, `updated_at`, `deleted_at`) VALUES (1,'Maroon 5 & Marshmello','https://fastly.alonetone.com/process/k6uwua8fgkboxls0m5qj8jweyg1y?crop=1%3A1&width=1248&quality=68','2020-09-12 00:00:00','2020-09-12 00:00:00','2020-09-12 00:00:00',NULL),(2,'Omer Adam & Eyal Golan','https://images.8tracks.com/cover/i/002/690/060/Hebrew-1049.jpg?rect=0,0,500,500&q=98&fm=jpg&fit=max','2020-09-12 00:00:00','2020-09-12 00:00:00','2020-09-12 00:00:00',NULL),(3,'Chill','https://wi.wallpapertip.com/wsimgs/50-505075_spotify-playlist-covers-chill.jpg','2020-09-12 00:00:00','2020-09-12 00:00:00','2020-09-12 00:00:00',NULL),(4,'Metal','https://images.8tracks.com/cover/i/000/327/910/3626-black-metal-and-white-1024x768px-wallpapers-black-metal-bands-1897.jpg?rect=128,0,768,768&q=98&fm=jpg&fit=max&w=640&h=640','2020-09-12 00:00:00','2020-09-12 00:00:00','2020-09-12 00:00:00',NULL),(5,'Techno','https://images.8tracks.com/cover/i/000/368/322/IMG_6079-2013.jpg?rect=0,105,539,539&q=98&fm=jpg&fit=max','2020-09-12 00:00:00','2020-09-12 00:00:00','2020-09-12 00:00:00',NULL),(6,'Hip Hop','https://i.pinimg.com/originals/0a/66/36/0a66367e697789bf1a35ff5342610707.jpg','2020-09-12 00:00:00','2020-09-12 00:00:00','2020-09-12 00:00:00',NULL),(7,'Summer 2020','https://mir-s3-cdn-cf.behance.net/project_modules/max_1200/bfb20471822747.5bd2110e65f54.jpg','2020-09-12 00:00:00','2020-09-12 00:00:00','2020-09-12 00:00:00',NULL),(8,'Remix','https://images.8tracks.com/cover/i/002/345/610/remix-5362.png?rect=0,125,500,500&q=98&fm=jpg&fit=max','2020-09-12 00:00:00','2020-09-12 00:00:00','2020-09-12 00:00:00',NULL),(9,'Israeli','https://techpolicy.org.il/wp-content/uploads/2018/03/hero.png','2020-09-12 00:00:00','2020-09-12 00:00:00','2020-09-12 00:00:00',NULL),(10,'Happy Hour','https://i.pinimg.com/originals/d3/b1/25/d3b1252338c0461134e34aa7f902552e.jpg','2020-09-12 00:00:00','2020-09-12 00:00:00','2020-09-12 00:00:00',NULL),(11,'Worout','https://i.redd.it/q3varo58nxkz.jpg','2020-09-12 00:00:00','2020-09-12 00:00:00','2020-09-12 00:00:00',NULL),(12,'Good Morning','https://i.pinimg.com/736x/69/83/f5/6983f5ef3d65f55d6bfbfa9248fe0e71.jpg','2020-09-12 00:00:00','2020-09-12 00:00:00','2020-09-12 00:00:00',NULL),(13,'Good Night','https://specials-images.forbesimg.com/imageserve/1016975820/960x0.jpg?fit=scale','2020-09-12 00:00:00','2020-09-12 00:00:00','2020-09-12 00:00:00',NULL),(14,'Sunset','https://images.8tracks.com/cover/i/001/389/033/47668.original-3675.png?rect=85,0,330,330&q=98&fm=jpg&fit=max','2020-09-12 00:00:00','2020-09-12 00:00:00','2020-09-12 00:00:00',NULL),(15,'Love','https://saltpepperspeak.files.wordpress.com/2020/01/how-technology-is-changing-the-way-we-love.jpg','2020-09-12 00:00:00','2020-09-12 00:00:00','2020-09-12 00:00:00',NULL),(16,'90s Hip Hop','https://www.thebostoncalendar.com/system/events/photos/000/159/038/original/90\'s_hip_hop.jpg?1556733186','2020-09-12 00:00:00','2020-09-12 00:00:00','2020-09-12 00:00:00',NULL),(17,'party','https://www.scoutmag.ph/wp-content/uploads/partypregame-2.jpg','2020-09-12 00:00:00','2020-09-12 00:00:00','2020-09-12 00:00:00',NULL),(18,'Sad moo','https://cdn.playlists.net/images/playlists/image/medium/6e1c4322d061988d268467a62759741b.jpg','2020-09-12 00:00:00','2020-09-12 00:00:00','2020-09-12 00:00:00',NULL),(19,'Tomorrowland','https://edmworldmagazine.com/wp-content/uploads/2018/09/Web-Post_Tomorrowland-Winter_Headliners_2018_02-min.jpg','2020-09-12 00:00:00','2020-09-12 00:00:00','2020-09-12 00:00:00',NULL),(20,'Rock N Roll','https://www.jolina.com/uploads/images/_large/_rockrollcircle-0.jpg','2020-09-12 00:00:00','2020-09-12 00:00:00','2020-09-12 00:00:00',NULL);
/*!40000 ALTER TABLE `playlists` ENABLE KEYS */;

--
-- Table structure for table `sequelizemeta`
--

DROP TABLE IF EXISTS `sequelizemeta`;
/*!40101 SET @saved_cs_client     = @@character_set_client */;
/*!50503 SET character_set_client = utf8mb4 */;
CREATE TABLE `sequelizemeta` (
  `name` varchar(255) COLLATE utf8_unicode_ci NOT NULL,
  PRIMARY KEY (`name`),
  UNIQUE KEY `name` (`name`)
) ENGINE=InnoDB DEFAULT CHARSET=utf8 COLLATE=utf8_unicode_ci;
/*!40101 SET character_set_client = @saved_cs_client */;

--
-- Dumping data for table `sequelizemeta`
--

/*!40000 ALTER TABLE `sequelizemeta` DISABLE KEYS */;
INSERT INTO `sequelizemeta` (`name`) VALUES ('20200923160526-create-song.js'),('20200923164643-create-album.js'),('20200923164745-create-artist.js'),('20200923164853-create-playlist.js'),('20200924081209-create-user.js'),('20200924081914-create-playlist-song.js'),('20200924084128-create-user-album.js'),('20200924095722-create-interactions-by-album.js'),('20200924095804-create-interactions-by-playlist.js'),('20200924095834-create-interactions-by-song.js'),('20200924095939-create-user-artist.js'),('20200924100034-create-user-playlist.js'),('20200924100107-create-user-song.js'),('20200925114357-add-deleted-at.js'),('20200930134203-remove-column-userCreatedAt.js');
/*!40000 ALTER TABLE `sequelizemeta` ENABLE KEYS */;

--
-- Table structure for table `songs`
--

DROP TABLE IF EXISTS `songs`;
/*!40101 SET @saved_cs_client     = @@character_set_client */;
/*!50503 SET character_set_client = utf8mb4 */;
CREATE TABLE `songs` (
  `id` int NOT NULL AUTO_INCREMENT,
  `name` varchar(255) DEFAULT NULL,
  `youtube_link` varchar(255) DEFAULT NULL,
  `album_id` int DEFAULT NULL,
  `artist_id` int DEFAULT NULL,
  `length` int DEFAULT NULL,
  `track_number` int DEFAULT NULL,
  `lyrics` varchar(255) DEFAULT NULL,
  `created_at` datetime NOT NULL,
  `updated_at` datetime NOT NULL,
  `deleted_at` datetime DEFAULT NULL,
  PRIMARY KEY (`id`)
) ENGINE=InnoDB AUTO_INCREMENT=143 DEFAULT CHARSET=utf8mb4 COLLATE=utf8mb4_0900_ai_ci;
/*!40101 SET character_set_client = @saved_cs_client */;

--
-- Dumping data for table `songs`
--

/*!40000 ALTER TABLE `songs` DISABLE KEYS */;
INSERT INTO `songs` (`id`, `name`, `youtube_link`, `album_id`, `artist_id`, `length`, `track_number`, `lyrics`, `created_at`, `updated_at`, `deleted_at`) VALUES (1,'Peace Of Mind','https://www.youtube.com/watch?v=i5L9gHsqSQk&list=PLl8VaWiKm5ovR7ZsG1uOb9PbFzvmC9y0u',1,1,180,1,'lyrics','2019-06-05 00:00:00','2020-09-12 00:00:00',NULL),(2,'Heaven','https://www.youtube.com/watch?v=EY72Qqj7G6M&list=PLl8VaWiKm5ovR7ZsG1uOb9PbFzvmC9y0u&index=2',1,1,278,2,'lyrics','2019-06-05 00:00:00','2020-09-12 00:00:00',NULL),(3,' SOS','https://www.youtube.com/watch?v=u8tdT5pAE34&list=PLl8VaWiKm5ovR7ZsG1uOb9PbFzvmC9y0u&index=3',1,1,158,3,'lyrics','2019-06-05 00:00:00','2020-09-12 00:00:00',NULL),(4,'Tough Love ','https://www.youtube.com/watch?v=McJgc3Nb46I&list=PLl8VaWiKm5ovR7ZsG1uOb9PbFzvmC9y0u&index=4',1,1,207,4,'lyrics','2019-06-05 00:00:00','2020-09-12 00:00:00',NULL),(5,' Ain\'t A Thing','https://www.youtube.com/watch?v=nGsmOd8xPJE&list=PLl8VaWiKm5ovR7ZsG1uOb9PbFzvmC9y0u&index=6',1,1,182,5,'lyrics','2019-06-05 00:00:00','2020-09-12 00:00:00',NULL),(6,'Eraser','https://www.youtube.com/watch?v=OjGrcJ4lZCc&list=OLAK5uy_mKusDe2fPwFJ-ejK2kVatUSXgcR-atFe4',2,2,227,1,'lyrics','2019-06-05 00:00:00','2020-09-12 00:00:00',NULL),(7,'New Man','https://www.youtube.com/watch?v=EwzD8U4u76k&list=OLAK5uy_mKusDe2fPwFJ-ejK2kVatUSXgcR-atFe4&index=8',2,2,189,2,'lyrics','2019-06-05 00:00:00','2020-09-12 00:00:00',NULL),(8,'Hearts Don\'t Break Round Here ','https://www.youtube.com/watch?v=20pAJPNaAyw&list=OLAK5uy_mKusDe2fPwFJ-ejK2kVatUSXgcR-atFe4&index=9',2,2,248,3,'lyrics','2019-06-05 00:00:00','2020-09-12 00:00:00',NULL),(9,'What Do I Know?','https://www.youtube.com/watch?v=6B9J3lEyffA&list=OLAK5uy_mKusDe2fPwFJ-ejK2kVatUSXgcR-atFe4&index=10',2,2,237,4,'lyrics','2019-06-05 00:00:00','2020-09-12 00:00:00',NULL),(10,'Supermarket Flowers','https://www.youtube.com/watch?v=bIB8EWqCPrQ&list=OLAK5uy_mKusDe2fPwFJ-ejK2kVatUSXgcR-atFe4&index=12',2,2,221,5,'lyrics','2019-06-05 00:00:00','2020-09-12 00:00:00',NULL),(11,'Survival','https://www.youtube.com/watch?v=VtEBRE9ul90&list=OLAK5uy_nxmoDMMD7YOXBekv9Pt-55UoMI0tKDlyU',3,3,136,1,'lyrics','2018-06-28 00:00:00','2020-09-12 00:00:00',NULL),(12,'Nonstop','https://www.youtube.com/watch?v=lJTRVX9R5EA&list=OLAK5uy_nxmoDMMD7YOXBekv9Pt-55UoMI0tKDlyU&index=2',3,3,315,2,'lyrics','2018-06-28 00:00:00','2020-09-12 00:00:00',NULL),(13,'Elevate','https://www.youtube.com/watch?v=Ge9dWepN418&list=OLAK5uy_nxmoDMMD7YOXBekv9Pt-55UoMI0tKDlyU&index=3',3,3,184,3,'lyrics','2018-06-28 00:00:00','2020-09-12 00:00:00',NULL),(14,'Emotionless','https://www.youtube.com/watch?v=w4MSbajRs_Y&list=OLAK5uy_nxmoDMMD7YOXBekv9Pt-55UoMI0tKDlyU&index=4',3,3,302,4,'lyrics','2018-06-28 00:00:00','2020-09-12 00:00:00',NULL),(15,' Nice For What','https://www.youtube.com/watch?v=U9BwWKXjVaI&list=OLAK5uy_nxmoDMMD7YOXBekv9Pt-55UoMI0tKDlyU&index=16',3,3,262,5,'lyrics','2018-06-28 00:00:00','2020-09-12 00:00:00',NULL),(16,'Feel The Love','https://www.youtube.com/watch?v=rnZQvgWhM5s&list=OLAK5uy_lCQIipymSm8jFCYtkwOMZ84L3EgjqGfdk',4,4,165,1,'lyrics','2018-06-07 00:00:00','2020-09-12 00:00:00',NULL),(17,'Fire','https://www.youtube.com/watch?v=ZBIzL1OdKMI&list=OLAK5uy_lCQIipymSm8jFCYtkwOMZ84L3EgjqGfdk&index=2',4,4,180,2,'lyrics','2018-06-07 00:00:00','2020-09-12 00:00:00',NULL),(18,'4th Dimension','https://www.youtube.com/watch?v=6Hj5tucYv1Q&list=OLAK5uy_lCQIipymSm8jFCYtkwOMZ84L3EgjqGfdk&index=3',4,4,193,3,'lyrics','2018-06-07 00:00:00','2020-09-12 00:00:00',NULL),(19,'Freeee','https://www.youtube.com/watch?v=5bZqAfJBsSk&list=OLAK5uy_lCQIipymSm8jFCYtkwOMZ84L3EgjqGfdk&index=4',4,4,206,4,'lyrics','2018-06-07 00:00:00','2020-09-12 00:00:00',NULL),(20,'Kids See Ghosts','https://www.youtube.com/watch?v=cHFzyFMT0pw&list=OLAK5uy_lCQIipymSm8jFCYtkwOMZ84L3EgjqGfdk&index=6',4,4,245,5,'lyrics','2018-06-07 00:00:00','2020-09-12 00:00:00',NULL),(25,' Walk On Wate','https://www.youtube.com/watch?v=ryr75N0nki0&list=OLAK5uy_m8R1SwPPUCgq777T9Nt-zLRzaekFmhet0',5,5,321,1,'lyrics','2017-12-14 00:00:00','2020-09-12 00:00:00',NULL),(26,' Untouchable','https://www.youtube.com/watch?v=IJvjj6Fiwvw&list=OLAK5uy_m8R1SwPPUCgq777T9Nt-zLRzaekFmhet0&index=4',5,5,371,2,'lyrics','2017-12-14 00:00:00','2020-09-12 00:00:00',NULL),(27,'River ft. Ed Sheeran','https://www.youtube.com/watch?v=wfWIs2gFTAM&list=OLAK5uy_m8R1SwPPUCgq777T9Nt-zLRzaekFmhet0&index=5',5,5,416,3,'lyrics','2017-12-14 00:00:00','2020-09-12 00:00:00',NULL),(28,'Remind Me','https://www.youtube.com/watch?v=CXOuig0TwOY&list=OLAK5uy_m8R1SwPPUCgq777T9Nt-zLRzaekFmhet0&index=7',5,5,225,4,'lyrics','2017-12-14 00:00:00','2020-09-12 00:00:00',NULL),(29,'Nowhere Fast','https://www.youtube.com/watch?v=S1fG1WjTAQw&list=OLAK5uy_m8R1SwPPUCgq777T9Nt-zLRzaekFmhet0&index=13',5,5,279,5,'lyrics','2017-12-14 00:00:00','2020-09-12 00:00:00',NULL),(30,'Consideration (MK Remix)','https://www.youtube.com/watch?v=aulxfDlvi6s&list=OLAK5uy_lx3HPlS22UH_H5CYm_fdQTq7qlVA2RGvs&index=1',6,6,235,1,'lyrics','2017-09-07 00:00:00','2020-09-12 00:00:00',NULL),(31,'Consideration (Dirty South Remix)','https://www.youtube.com/watch?v=6hegyvsDd3g&list=OLAK5uy_lx3HPlS22UH_H5CYm_fdQTq7qlVA2RGvs&index=2',6,6,217,2,'lyrics','2017-09-07 00:00:00','2020-09-12 00:00:00',NULL),(32,'Consideration (Mangal Suvarnan Remix)','https://www.youtube.com/watch?v=GMcI9ar-uYw&list=OLAK5uy_lx3HPlS22UH_H5CYm_fdQTq7qlVA2RGvs&index=3',6,6,206,3,'lyrics','2017-09-07 00:00:00','2020-09-12 00:00:00',NULL),(33,'Consideration (Will Clarke Remix)','https://www.youtube.com/watch?v=_0dmXMaUPoI&list=OLAK5uy_lx3HPlS22UH_H5CYm_fdQTq7qlVA2RGvs&index=5',6,6,224,4,'lyrics','2017-09-07 00:00:00','2020-09-12 00:00:00',NULL),(34,'Consideration (Stafford Brothers Remix)','https://www.youtube.com/watch?v=QnXNIS0MzIY&list=OLAK5uy_lx3HPlS22UH_H5CYm_fdQTq7qlVA2RGvs&index=6',6,6,203,5,'lyrics','2017-09-07 00:00:00','2020-09-12 00:00:00',NULL),(35,'מים שקופים','https://www.youtube.com/watch?v=y-Ae0pPckVI&list=PLojCWQm27Cqhi-ftl5v-WSj0R-hTbs_4E',7,7,189,1,'lyrics','2020-02-01 00:00:00','2020-09-12 00:00:00',NULL),(36,'שגרה מפוארת','https://www.youtube.com/watch?v=qykAuMfwOw8&list=PLojCWQm27Cqhi-ftl5v-WSj0R-hTbs_4E&index=2',7,7,176,2,'lyrics','2020-02-01 00:00:00','2020-09-12 00:00:00',NULL),(37,'תגידי לי שטוב לך','https://www.youtube.com/watch?v=UTgfnfQKmSQ&list=PLojCWQm27Cqhi-ftl5v-WSj0R-hTbs_4E&index=3',7,7,205,3,'lyrics','2020-02-01 00:00:00','2020-09-12 00:00:00',NULL),(38,'אין סופים טובים','https://www.youtube.com/watch?v=tr9GOG5mWUo&list=PLojCWQm27Cqhi-ftl5v-WSj0R-hTbs_4E&index=6',7,7,211,4,'lyrics','2020-02-01 00:00:00','2020-09-12 00:00:00',NULL),(39,'וואי','https://www.youtube.com/watch?v=BQbSQYu90Uc&list=PLojCWQm27Cqhi-ftl5v-WSj0R-hTbs_4E&index=9',7,7,188,5,'lyrics','2020-02-01 00:00:00','2020-09-12 00:00:00',NULL),(40,'אם רק היית יודעת','https://www.youtube.com/watch?v=gg-Aby8eE1M&list=PL2l4T5NjtOsrLoMeXsbUqJijq5zFTj4bO',8,8,207,1,'lyrics','2020-04-11 00:00:00','2020-09-12 00:00:00',NULL),(41,'שומרים אהבה','https://www.youtube.com/watch?v=lMVun_6B5TU&list=PL2l4T5NjtOsrLoMeXsbUqJijq5zFTj4bO&index=2',8,8,167,2,'lyrics','2020-04-11 00:00:00','2020-09-12 00:00:00',NULL),(42,'אוסף עוד געגוע','https://www.youtube.com/watch?v=fDOVhjbJ8fg&list=PL2l4T5NjtOsrLoMeXsbUqJijq5zFTj4bO&index=3',8,8,223,3,'lyrics','2020-04-11 00:00:00','2020-09-12 00:00:00',NULL),(43,'מכאן ועד הנצח','https://www.youtube.com/watch?v=NwDvbCkwGXo&list=PL2l4T5NjtOsrLoMeXsbUqJijq5zFTj4bO&index=4',8,8,240,4,'lyrics','2020-04-11 00:00:00','2020-09-12 00:00:00',NULL),(44,'עושה עם העיניים','https://www.youtube.com/watch?v=16-W0TnRE84&list=PL2l4T5NjtOsrLoMeXsbUqJijq5zFTj4bO&index=6',8,8,175,5,'lyrics','2020-04-11 00:00:00','2020-09-12 00:00:00',NULL),(45,' Maps','https://www.youtube.com/watch?v=NmugSMBh_iI&list=OLAK5uy_nJB2RIakV_mImNjA458YunXozF1O1LjX0',9,9,208,1,'lyrics','2014-08-28 00:00:00','2020-09-12 00:00:00',NULL),(46,'Animals','https://www.youtube.com/watch?v=qpgTC9MDx1o&list=OLAK5uy_nJB2RIakV_mImNjA458YunXozF1O1LjX0&index=2',9,9,280,2,'lyrics','2014-08-28 00:00:00','2020-09-12 00:00:00',NULL),(47,'M5 V DAY Montage','https://www.youtube.com/watch?v=sQND_Gy3waM&list=OLAK5uy_nJB2RIakV_mImNjA458YunXozF1O1LjX0&index=3',9,9,168,3,'lyrics','2014-08-28 00:00:00','2020-09-12 00:00:00',NULL),(48,'Leaving California','https://www.youtube.com/watch?v=m4HvYhLVlDE&list=OLAK5uy_nJB2RIakV_mImNjA458YunXozF1O1LjX0&index=6',9,9,203,4,'lyrics','2014-08-28 00:00:00','2020-09-12 00:00:00',NULL),(49,'Sugar','https://www.youtube.com/watch?v=09R8_2nJtjg&list=OLAK5uy_nJB2RIakV_mImNjA458YunXozF1O1LjX0&index=5',9,9,301,5,'lyrics','2014-08-28 00:00:00','2020-09-12 00:00:00',NULL),(50,'Know Me','https://www.youtube.com/watch?v=FAkT22IsMdY&list=OLAK5uy_nTceW1E1fRI3D5r3O-rkEuLQ07qYhWwYY',10,10,207,1,'lyrics','2016-01-07 00:00:00','2020-09-12 00:00:00',NULL),(51,'Find Me','https://www.youtube.com/watch?v=ymq1WdGUcw8&list=OLAK5uy_nTceW1E1fRI3D5r3O-rkEuLQ07qYhWwYY&index=3',10,10,188,2,'lyrics','2016-01-07 00:00:00','2020-09-12 00:00:00',NULL),(52,'Take It Back','https://www.youtube.com/watch?v=P9Ijqa_2eu0&list=OLAK5uy_nTceW1E1fRI3D5r3O-rkEuLQ07qYhWwYY&index=4',10,10,194,3,'lyrics','2016-01-07 00:00:00','2020-09-12 00:00:00',NULL),(53,' Blocks ','https://www.youtube.com/watch?v=5E4ZBSInqUU',10,10,206,4,'lyrics','2016-01-07 00:00:00','2020-09-12 00:00:00',NULL),(54,' KeEp IT MeLLo ','https://www.youtube.com/watch?v=mKzLoZFz8PE',10,10,209,5,'lyrics','2016-01-07 00:00:00','2020-09-12 00:00:00',NULL),(74,'Muddy Waters','https://www.youtube.com/watch?v=Ss8t7a8n0U4&list=OLAK5uy_kraP_57L91eFk3yw5Y79Wf56oT14nEbmk',11,11,226,1,'lyrics','2015-11-19 00:00:00','2020-09-12 00:00:00',NULL),(75,'No Witness','https://www.youtube.com/watch?v=-v9Pobv7y8Y&list=OLAK5uy_kraP_57L91eFk3yw5Y79Wf56oT14nEbmk&index=2',11,11,235,2,'lyrics','2015-11-19 00:00:00','2020-09-12 00:00:00',NULL),(76,'Lost On You','https://www.youtube.com/watch?v=hn3wJ1_1Zsg&list=OLAK5uy_kraP_57L91eFk3yw5Y79Wf56oT14nEbmk&index=3',11,11,270,3,'lyrics','2015-11-19 00:00:00','2020-09-12 00:00:00',NULL),(77,'Up Against Me','https://www.youtube.com/watch?v=cnObsyd6A1c&list=OLAK5uy_kraP_57L91eFk3yw5Y79Wf56oT14nEbmk&index=4',11,11,182,4,'lyrics','2015-11-19 00:00:00','2020-09-12 00:00:00',NULL),(78,'Tightrope ','https://www.youtube.com/watch?v=kECZnPrIufo&list=OLAK5uy_kraP_57L91eFk3yw5Y79Wf56oT14nEbmk&index=5',11,11,280,5,'lyrics','2015-11-19 00:00:00','2020-09-12 00:00:00',NULL),(79,'Other People','https://www.youtube.com/watch?v=Lv8VKCz3Cdg&list=OLAK5uy_kraP_57L91eFk3yw5Y79Wf56oT14nEbmk&index=6',11,11,287,6,'lyrics','2015-11-19 00:00:00','2020-09-12 00:00:00',NULL),(80,'Into the Wild','https://www.youtube.com/watch?v=hGUFBbCVzFE&list=OLAK5uy_kraP_57L91eFk3yw5Y79Wf56oT14nEbmk&index=7',11,11,220,7,'lyrics','2015-11-19 00:00:00','2020-09-12 00:00:00',NULL),(81,'Strange ','https://www.youtube.com/watch?v=48H63O4T4vo&list=OLAK5uy_kraP_57L91eFk3yw5Y79Wf56oT14nEbmk&index=8',11,11,235,8,'lyrics','2015-11-19 00:00:00','2020-09-12 00:00:00',NULL),(82,'Once in a While','https://www.youtube.com/watch?v=Utz5hr4mt14&list=PLC038EA0D4D62EE8F',12,12,360,1,'lyrics','2006-11-13 00:00:00','2020-09-12 00:00:00',NULL),(83,'Gangsta Bop','https://www.youtube.com/watch?v=sEFklhNhSgM&list=PLC038EA0D4D62EE8F&index=3',12,12,246,2,'lyrics','2006-11-13 00:00:00','2020-09-12 00:00:00',NULL),(84,'I can\'t wait','https://www.youtube.com/watch?v=_59-wCge-DE&list=PLC038EA0D4D62EE8F&index=4',12,12,270,3,'lyrics','2006-11-13 00:00:00','2020-09-12 00:00:00',NULL),(85,'Mama Africa','https://www.youtube.com/watch?v=fO5-PatoA8k&list=PLC038EA0D4D62EE8F&index=5',12,12,266,4,'lyrics','2006-11-13 00:00:00','2020-09-12 00:00:00',NULL),(86,'I wanna fuck you','https://www.youtube.com/watch?v=kJBVZThM3k4&list=PLC038EA0D4D62EE8F&index=7',12,12,263,5,'lyrics','2006-11-13 00:00:00','2020-09-12 00:00:00',NULL),(87,'Blown Away','https://www.youtube.com/watch?v=YgNzujksEb4&list=PLC038EA0D4D62EE8F&index=9',12,12,283,6,'lyrics','2006-11-13 00:00:00','2020-09-12 00:00:00',NULL),(88,'The Violence','https://www.youtube.com/watch?v=h1eCPaHdEtA&list=OLAK5uy_nREZHG7NF_Usdpae87XwNsPQZotsVYPLg&index=2',13,13,260,1,'lyrics','2018-07-26 00:00:00','2020-09-12 00:00:00',NULL),(89,'Audience Of One','https://www.youtube.com/watch?v=qO076EkE5Eo&list=OLAK5uy_nREZHG7NF_Usdpae87XwNsPQZotsVYPLg&index=2',13,13,248,2,'lyrics','2018-07-26 00:00:00','2020-09-12 00:00:00',NULL),(90,'Faint Resemblance','https://www.youtube.com/watch?v=RsGK1QoaimM&list=OLAK5uy_nREZHG7NF_Usdpae87XwNsPQZotsVYPLg&index=3',13,13,142,3,'lyrics','2018-07-26 00:00:00','2020-09-12 00:00:00',NULL),(91,'House On Fire','https://www.youtube.com/watch?v=K5_J6ZSwPwk&list=OLAK5uy_nREZHG7NF_Usdpae87XwNsPQZotsVYPLg&index=4',13,13,204,4,'lyrics','2018-07-26 00:00:00','2020-09-12 00:00:00',NULL),(92,'Wait For Me','https://www.youtube.com/watch?v=fxy2Ud7r8VI&list=OLAK5uy_nREZHG7NF_Usdpae87XwNsPQZotsVYPLg&index=8',13,13,231,5,'lyrics','2018-07-26 00:00:00','2020-09-12 00:00:00',NULL),(93,'...To Be Loved','https://www.youtube.com/watch?v=REuLlW2ktMg',14,14,188,1,'lyrics','2013-04-14 00:00:00','2020-09-12 00:00:00',NULL),(94,'She Loves Me Not','https://www.youtube.com/watch?v=aoZEtBQJN4c&list=RDREuLlW2ktMg&index=2',14,14,221,2,'lyrics','2013-04-14 00:00:00','2020-09-12 00:00:00',NULL),(95,'Last Resort','https://www.youtube.com/watch?v=j0lSpNtjPM8&list=RDREuLlW2ktMg&index=3',14,14,201,3,'lyrics','2013-04-14 00:00:00','2020-09-12 00:00:00',NULL),(96,'Between Angels And Insects','https://www.youtube.com/watch?v=H2jCbXiEQI4&list=RDREuLlW2ktMg&index=4',14,14,237,4,'lyrics','2013-04-14 00:00:00','2020-09-12 00:00:00',NULL),(97,'Lifeline','https://www.youtube.com/watch?v=TxVACta6dbA&list=RDREuLlW2ktMg&index=16',14,14,248,5,'lyrics','2013-04-14 00:00:00','2020-09-12 00:00:00',NULL),(98,'15 Step','https://www.youtube.com/watch?v=bgsmr7t8zGE&list=PL90uWKIpHUob7f4raEOR_n1i_isnMyE5V',15,15,238,1,'lyrics','2007-10-09 00:00:00','2020-09-12 00:00:00',NULL),(99,'Bodysnatchers','https://www.youtube.com/watch?v=nIQxhSvSRnQ&list=PL90uWKIpHUob7f4raEOR_n1i_isnMyE5V&index=2',15,15,243,2,'lyrics','2007-10-09 00:00:00','2020-09-12 00:00:00',NULL),(100,'Nude','https://www.youtube.com/watch?v=4-aiSnnghQk&list=PL90uWKIpHUob7f4raEOR_n1i_isnMyE5V&index=3',15,15,256,3,'lyrics','2007-10-09 00:00:00','2020-09-12 00:00:00',NULL),(101,'Weird Fishes/ Arpeggi','https://www.youtube.com/watch?v=LUjGtyYEi90&list=PL90uWKIpHUob7f4raEOR_n1i_isnMyE5V&index=4',15,15,319,4,'lyrics','2007-10-09 00:00:00','2020-09-12 00:00:00',NULL),(102,'All I Need','https://www.youtube.com/watch?v=FM7ALFsOH4g&list=PL90uWKIpHUob7f4raEOR_n1i_isnMyE5V&index=5',15,15,229,5,'lyrics','2007-10-09 00:00:00','2020-09-12 00:00:00',NULL),(103,'Faust Arp','https://www.youtube.com/watch?v=PRc0iMRoIoc&list=PL90uWKIpHUob7f4raEOR_n1i_isnMyE5V&index=6',15,15,190,6,'lyrics','2007-10-09 00:00:00','2020-09-12 00:00:00',NULL),(104,'Reckoner','https://www.youtube.com/watch?v=pYHEpDnvVPk&list=PL90uWKIpHUob7f4raEOR_n1i_isnMyE5V&index=7',15,15,290,7,'lyrics','2007-10-09 00:00:00','2020-09-12 00:00:00',NULL),(105,'Hardwell On Air 483','https://www.youtube.com/watch?v=FJmEBgVG178&list=RDFJmEBgVG178&start_radio=1&t=49',16,16,3527,1,'lyrics','2020-08-31 00:00:00','2020-09-12 00:00:00',NULL),(106,'Retrograde ','https://www.youtube.com/watch?v=9zpzY8om-Dc&list=RDFJmEBgVG178&index=2',16,16,252,2,'lyrics','2020-08-31 00:00:00','2020-09-12 00:00:00',NULL),(107,'Bella Ciao','https://www.youtube.com/watch?v=0bmE9XY3sOc&list=RDFJmEBgVG178&index=4',16,16,203,3,'lyrics','2020-08-31 00:00:00','2020-09-12 00:00:00',NULL),(108,'We Are Legends','https://www.youtube.com/watch?v=d4KpDhdUcA8&list=RDFJmEBgVG178&index=6',16,16,200,4,'lyrics','2020-08-31 00:00:00','2020-09-12 00:00:00',NULL),(109,'Follow Me','https://www.youtube.com/watch?v=4Uw8EcNmLC4&list=RDFJmEBgVG178&index=10',16,16,244,5,'lyrics','2020-08-31 00:00:00','2020-09-12 00:00:00',NULL),(110,'Baldadig ','https://www.youtube.com/watch?v=Nxc776f51U4&list=RDFJmEBgVG178&index=12',16,16,184,6,'lyrics','2020-08-31 00:00:00','2020-09-12 00:00:00',NULL),(111,'Call Me A Spaceman','https://www.youtube.com/watch?v=ppy-fgbPn2s&list=RDFJmEBgVG178&index=13',16,16,191,7,'lyrics','2020-08-31 00:00:00','2020-09-12 00:00:00',NULL),(112,'Earthquake ','https://www.youtube.com/watch?v=scX24QMWjgk&list=RDFJmEBgVG178&index=15',16,16,178,8,'lyrics','2020-08-31 00:00:00','2020-09-12 00:00:00',NULL),(113,'Fatman Scoop','https://www.youtube.com/watch?v=Q_9jDxNoKwQ&list=RDFJmEBgVG178&index=17',16,16,215,9,'lyrics','2020-08-31 00:00:00','2020-09-12 00:00:00',NULL),(114,'God Is A Dancer','https://www.youtube.com/watch?v=Yuu_jHA8CCs&list=PLTrCxkMYV1Xw22t2joxUff_evq-fj2jvD',17,17,228,1,'lyrics','2020-05-14 00:00:00','2020-09-12 00:00:00',NULL),(115,'Nothing Really Matters','https://www.youtube.com/watch?v=dTzvHRWwXqQ&list=PLTrCxkMYV1Xw22t2joxUff_evq-fj2jvD&index=2',17,17,217,2,'lyrics','2020-05-14 00:00:00','2020-09-12 00:00:00',NULL),(116,'What’s It Gonna Be','https://www.youtube.com/watch?v=HFl3oHqNWGU&list=PLTrCxkMYV1Xw22t2joxUff_evq-fj2jvD&index=3',17,17,221,3,'lyrics','2020-05-14 00:00:00','2020-09-12 00:00:00',NULL),(117,'Over You','https://www.youtube.com/watch?v=PkcUMWVdCUg&list=PLTrCxkMYV1Xw22t2joxUff_evq-fj2jvD&index=4',17,17,204,4,'lyrics','2020-05-14 00:00:00','2020-09-12 00:00:00',NULL),(118,'Ritual','https://www.youtube.com/watch?v=Wq310fLjz3w&list=PLTrCxkMYV1Xw22t2joxUff_evq-fj2jvD&index=5',17,17,198,5,'lyrics','2020-05-14 00:00:00','2020-09-12 00:00:00',NULL),(119,'KAMILLE','https://www.youtube.com/watch?v=1r1FrlcrmFc&list=PLTrCxkMYV1Xw22t2joxUff_evq-fj2jvD&index=6',17,17,161,6,'lyrics','2020-05-14 00:00:00','2020-09-12 00:00:00',NULL),(120,'WIEE','https://www.youtube.com/watch?v=8xMNeXI9wxI&list=PLzNKx3DcwYHejugJjp6NoP93oly4B1-Gt',18,18,212,1,'lyrics','2016-10-27 00:00:00','2020-09-12 00:00:00',NULL),(121,'Sun Is Never Going Down','https://www.youtube.com/watch?v=0rD9rbxmCPQ&list=PLzNKx3DcwYHejugJjp6NoP93oly4B1-Gt&index=2',18,18,207,2,'lyrics','2016-10-27 00:00:00','2020-09-12 00:00:00',NULL),(122,'Spotless','https://www.youtube.com/watch?v=B0m5fxiN38Y&list=PLzNKx3DcwYHejugJjp6NoP93oly4B1-Gt&index=3',18,18,196,3,'lyrics','2016-10-27 00:00:00','2020-09-12 00:00:00',NULL),(123,'Hold On & Believe','https://www.youtube.com/watch?v=LXFZd_okfUk&list=PLzNKx3DcwYHejugJjp6NoP93oly4B1-Gt&index=4',18,18,238,4,'lyrics','2016-10-27 00:00:00','2020-09-12 00:00:00',NULL),(124,'Welcome','https://www.youtube.com/watch?v=22aafk_gbko&list=PLzNKx3DcwYHejugJjp6NoP93oly4B1-Gt&index=5',18,18,190,5,'lyrics','2016-10-27 00:00:00','2020-09-12 00:00:00',NULL),(125,'Together','https://www.youtube.com/watch?v=uA51eLELZqE&list=PLzNKx3DcwYHejugJjp6NoP93oly4B1-Gt&index=6',18,18,222,6,'lyrics','2016-10-27 00:00:00','2020-09-12 00:00:00',NULL),(126,'Make Up Your Mind','https://www.youtube.com/watch?v=HyoQIibej6c&list=PLzNKx3DcwYHejugJjp6NoP93oly4B1-Gt&index=7',18,18,198,7,'lyrics','2016-10-27 00:00:00','2020-09-12 00:00:00',NULL),(127,'Titanium','https://www.youtube.com/watch?v=LRPGqNeav_M&list=PLPlCeFqZDUzkMqw9lFxK64ifjogQZUqX7',19,19,246,1,'lyrics','2011-08-25 00:00:00','2020-09-12 00:00:00',NULL),(128,'Turn Me On','https://www.youtube.com/watch?v=L50aIoPvMoY&list=PLPlCeFqZDUzkMqw9lFxK64ifjogQZUqX7&index=2',19,19,200,2,'lyrics','2011-08-25 00:00:00','2020-09-12 00:00:00',NULL),(129,'She Wolf','https://www.youtube.com/watch?v=BMJLSdM5vho&list=PLPlCeFqZDUzkMqw9lFxK64ifjogQZUqX7&index=3',19,19,223,3,'lyrics','2011-08-25 00:00:00','2020-09-12 00:00:00',NULL),(130,'Without You','https://www.youtube.com/watch?v=ylA9rOmVoP0&list=PLPlCeFqZDUzkMqw9lFxK64ifjogQZUqX7&index=4',19,19,209,4,'lyrics','2011-08-25 00:00:00','2020-09-12 00:00:00',NULL),(131,'I Can Only Imagine','https://www.youtube.com/watch?v=kkcJPEEQQPA&list=PLPlCeFqZDUzkMqw9lFxK64ifjogQZUqX7&index=5',19,19,210,5,'lyrics','2011-08-25 00:00:00','2020-09-12 00:00:00',NULL),(132,'Play Hard','https://www.youtube.com/watch?v=qpiilPFQtwM&list=PLPlCeFqZDUzkMqw9lFxK64ifjogQZUqX7&index=6',19,19,201,6,'lyrics','2011-08-25 00:00:00','2020-09-12 00:00:00',NULL),(133,'Just One Last Time','https://www.youtube.com/watch?v=8nshRYaFofM&list=PLPlCeFqZDUzkMqw9lFxK64ifjogQZUqX7&index=8',19,19,227,7,'lyrics','2011-08-25 00:00:00','2020-09-12 00:00:00',NULL),(134,'Let\'s Hurt Tonight','https://www.youtube.com/watch?v=8wGN7D03Nho&list=OLAK5uy_mVBkaHw9jhpxcvTX5Z1t_ImiW8sSUbK2I',20,20,209,1,'lyrics','2015-12-31 00:00:00','2020-09-12 00:00:00',NULL),(135,'Future Looks Good','https://www.youtube.com/watch?v=b3O2HO1Epq0&list=OLAK5uy_mVBkaHw9jhpxcvTX5Z1t_ImiW8sSUbK2I&index=2',20,20,210,2,'lyrics','2015-12-31 00:00:00','2020-09-12 00:00:00',NULL),(136,'Oh My My','https://www.youtube.com/watch?v=w4vzMFyjkYY&list=OLAK5uy_mVBkaHw9jhpxcvTX5Z1t_ImiW8sSUbK2I&index=3',20,20,219,3,'lyrics','2015-12-31 00:00:00','2020-09-12 00:00:00',NULL),(137,'Kids ','https://www.youtube.com/watch?v=Y56lpXvXbs0&list=OLAK5uy_mVBkaHw9jhpxcvTX5Z1t_ImiW8sSUbK2I&index=4',20,20,269,4,'lyrics','2015-12-31 00:00:00','2020-09-12 00:00:00',NULL),(138,'Dream','https://www.youtube.com/watch?v=E1yuXym9Jgg&list=OLAK5uy_mVBkaHw9jhpxcvTX5Z1t_ImiW8sSUbK2I&index=5',20,20,212,5,'lyrics','2015-12-31 00:00:00','2020-09-12 00:00:00',NULL),(139,'Choke','https://www.youtube.com/watch?v=XGB1OWx5AQI&list=OLAK5uy_mVBkaHw9jhpxcvTX5Z1t_ImiW8sSUbK2I&index=6',20,20,227,6,'lyrics','2015-12-31 00:00:00','2020-09-12 00:00:00',NULL),(140,'A.I.','https://www.youtube.com/watch?v=iOORIsYvgCY&list=OLAK5uy_mVBkaHw9jhpxcvTX5Z1t_ImiW8sSUbK2I&index=7',20,20,309,7,'lyrics','2015-12-31 00:00:00','2020-09-12 00:00:00',NULL),(141,'Better','https://www.youtube.com/watch?v=jjmj1Ovu-Lw&list=OLAK5uy_mVBkaHw9jhpxcvTX5Z1t_ImiW8sSUbK2I&index=8',20,20,205,8,'lyrics','2015-12-31 00:00:00','2020-09-12 00:00:00',NULL);
/*!40000 ALTER TABLE `songs` ENABLE KEYS */;

--
-- Table structure for table `user_albums`
--

DROP TABLE IF EXISTS `user_albums`;
/*!40101 SET @saved_cs_client     = @@character_set_client */;
/*!50503 SET character_set_client = utf8mb4 */;
CREATE TABLE `user_albums` (
  `user_id` int NOT NULL,
  `album_id` int NOT NULL,
  `created_at` datetime NOT NULL,
  `updated_at` datetime NOT NULL,
  PRIMARY KEY (`user_id`,`album_id`)
) ENGINE=InnoDB DEFAULT CHARSET=utf8mb4 COLLATE=utf8mb4_0900_ai_ci;
/*!40101 SET character_set_client = @saved_cs_client */;

--
-- Dumping data for table `user_albums`
--

/*!40000 ALTER TABLE `user_albums` DISABLE KEYS */;
/*!40000 ALTER TABLE `user_albums` ENABLE KEYS */;

--
-- Table structure for table `user_artists`
--

DROP TABLE IF EXISTS `user_artists`;
/*!40101 SET @saved_cs_client     = @@character_set_client */;
/*!50503 SET character_set_client = utf8mb4 */;
CREATE TABLE `user_artists` (
  `user_id` int NOT NULL,
  `artist_id` int NOT NULL,
  `created_at` datetime NOT NULL,
  `updated_at` datetime NOT NULL,
  PRIMARY KEY (`user_id`,`artist_id`)
) ENGINE=InnoDB DEFAULT CHARSET=utf8mb4 COLLATE=utf8mb4_0900_ai_ci;
/*!40101 SET character_set_client = @saved_cs_client */;

--
-- Dumping data for table `user_artists`
--

/*!40000 ALTER TABLE `user_artists` DISABLE KEYS */;
INSERT INTO `user_artists` (`user_id`, `artist_id`, `created_at`, `updated_at`) VALUES (1,1,'2020-09-26 00:00:00','2020-09-26 00:00:00'),(1,6,'2020-09-26 00:00:00','2020-09-26 00:00:00'),(1,7,'2020-09-26 00:00:00','2020-09-26 00:00:00'),(1,10,'2020-09-26 00:00:00','2020-09-26 00:00:00'),(1,20,'2020-09-26 00:00:00','2020-09-26 00:00:00'),(2,10,'2020-09-26 00:00:00','2020-09-26 00:00:00'),(2,14,'2020-09-26 00:00:00','2020-09-26 00:00:00'),(3,1,'2020-09-26 00:00:00','2020-09-26 00:00:00'),(3,4,'2020-09-26 00:00:00','2020-09-26 00:00:00'),(3,5,'2020-09-26 00:00:00','2020-09-26 00:00:00'),(3,6,'2020-09-26 00:00:00','2020-09-26 00:00:00'),(3,14,'2020-09-26 00:00:00','2020-09-26 00:00:00'),(3,20,'2020-09-26 00:00:00','2020-09-26 00:00:00'),(4,1,'2020-09-26 00:00:00','2020-09-26 00:00:00'),(4,2,'2020-09-26 00:00:00','2020-09-26 00:00:00'),(4,9,'2020-09-26 00:00:00','2020-09-26 00:00:00'),(4,12,'2020-09-26 00:00:00','2020-09-26 00:00:00'),(4,13,'2020-09-26 00:00:00','2020-09-26 00:00:00'),(5,6,'2020-09-26 00:00:00','2020-09-26 00:00:00'),(5,8,'2020-09-26 00:00:00','2020-09-26 00:00:00'),(6,12,'2020-09-26 00:00:00','2020-09-26 00:00:00'),(6,18,'2020-09-26 00:00:00','2020-09-26 00:00:00'),(6,19,'2020-09-26 00:00:00','2020-09-26 00:00:00'),(7,15,'2020-09-26 00:00:00','2020-09-26 00:00:00'),(7,16,'2020-09-26 00:00:00','2020-09-26 00:00:00'),(7,20,'2020-09-26 00:00:00','2020-09-26 00:00:00'),(8,6,'2020-09-26 00:00:00','2020-09-26 00:00:00'),(8,15,'2020-09-26 00:00:00','2020-09-26 00:00:00'),(8,17,'2020-09-26 00:00:00','2020-09-26 00:00:00'),(8,19,'2020-09-26 00:00:00','2020-09-26 00:00:00'),(8,20,'2020-09-26 00:00:00','2020-09-26 00:00:00'),(9,6,'2020-09-26 00:00:00','2020-09-26 00:00:00'),(9,7,'2020-09-26 00:00:00','2020-09-26 00:00:00'),(9,12,'2020-09-26 00:00:00','2020-09-26 00:00:00'),(9,14,'2020-09-26 00:00:00','2020-09-26 00:00:00'),(9,17,'2020-09-26 00:00:00','2020-09-26 00:00:00'),(10,4,'2020-09-26 00:00:00','2020-09-26 00:00:00'),(10,7,'2020-09-26 00:00:00','2020-09-26 00:00:00'),(10,8,'2020-09-26 00:00:00','2020-09-26 00:00:00'),(10,17,'2020-09-26 00:00:00','2020-09-26 00:00:00'),(10,18,'2020-09-26 00:00:00','2020-09-26 00:00:00'),(11,1,'2020-09-26 00:00:00','2020-09-26 00:00:00'),(11,3,'2020-09-26 00:00:00','2020-09-26 00:00:00'),(11,7,'2020-09-26 00:00:00','2020-09-26 00:00:00'),(11,9,'2020-09-26 00:00:00','2020-09-26 00:00:00'),(11,17,'2020-09-26 00:00:00','2020-09-26 00:00:00'),(11,18,'2020-09-26 00:00:00','2020-09-26 00:00:00'),(12,3,'2020-09-26 00:00:00','2020-09-26 00:00:00'),(12,5,'2020-09-26 00:00:00','2020-09-26 00:00:00'),(12,8,'2020-09-26 00:00:00','2020-09-26 00:00:00'),(13,4,'2020-09-26 00:00:00','2020-09-26 00:00:00'),(13,8,'2020-09-26 00:00:00','2020-09-26 00:00:00'),(13,20,'2020-09-26 00:00:00','2020-09-26 00:00:00'),(14,1,'2020-09-26 00:00:00','2020-09-26 00:00:00'),(14,5,'2020-09-26 00:00:00','2020-09-26 00:00:00'),(14,11,'2020-09-26 00:00:00','2020-09-26 00:00:00'),(14,16,'2020-09-26 00:00:00','2020-09-26 00:00:00'),(14,18,'2020-09-26 00:00:00','2020-09-26 00:00:00'),(16,12,'2020-09-26 00:00:00','2020-09-26 00:00:00'),(16,20,'2020-09-26 00:00:00','2020-09-26 00:00:00'),(17,1,'2020-09-26 00:00:00','2020-09-26 00:00:00'),(17,6,'2020-09-26 00:00:00','2020-09-26 00:00:00'),(17,11,'2020-09-26 00:00:00','2020-09-26 00:00:00'),(17,13,'2020-09-26 00:00:00','2020-09-26 00:00:00'),(17,16,'2020-09-26 00:00:00','2020-09-26 00:00:00'),(17,18,'2020-09-26 00:00:00','2020-09-26 00:00:00'),(17,20,'2020-09-26 00:00:00','2020-09-26 00:00:00'),(18,6,'2020-09-26 00:00:00','2020-09-26 00:00:00'),(18,9,'2020-09-26 00:00:00','2020-09-26 00:00:00'),(18,10,'2020-09-26 00:00:00','2020-09-26 00:00:00'),(18,19,'2020-09-26 00:00:00','2020-09-26 00:00:00'),(19,1,'2020-09-26 00:00:00','2020-09-26 00:00:00'),(19,2,'2020-09-26 00:00:00','2020-09-26 00:00:00'),(19,6,'2020-09-26 00:00:00','2020-09-26 00:00:00'),(19,8,'2020-09-26 00:00:00','2020-09-26 00:00:00'),(20,2,'2020-09-26 00:00:00','2020-09-26 00:00:00'),(20,4,'2020-09-26 00:00:00','2020-09-26 00:00:00'),(20,19,'2020-09-26 00:00:00','2020-09-26 00:00:00'),(21,3,'2020-09-26 00:00:00','2020-09-26 00:00:00'),(21,9,'2020-09-26 00:00:00','2020-09-26 00:00:00'),(21,10,'2020-09-26 00:00:00','2020-09-26 00:00:00'),(21,12,'2020-09-26 00:00:00','2020-09-26 00:00:00'),(21,16,'2020-09-26 00:00:00','2020-09-26 00:00:00'),(22,5,'2020-09-26 00:00:00','2020-09-26 00:00:00'),(22,7,'2020-09-26 00:00:00','2020-09-26 00:00:00'),(22,11,'2020-09-26 00:00:00','2020-09-26 00:00:00'),(22,12,'2020-09-26 00:00:00','2020-09-26 00:00:00'),(23,1,'2020-09-26 00:00:00','2020-09-26 00:00:00'),(23,10,'2020-09-26 00:00:00','2020-09-26 00:00:00'),(23,12,'2020-09-26 00:00:00','2020-09-26 00:00:00'),(23,17,'2020-09-26 00:00:00','2020-09-26 00:00:00'),(24,8,'2020-09-26 00:00:00','2020-09-26 00:00:00'),(24,12,'2020-09-26 00:00:00','2020-09-26 00:00:00'),(24,16,'2020-09-26 00:00:00','2020-09-26 00:00:00'),(24,19,'2020-09-26 00:00:00','2020-09-26 00:00:00'),(25,1,'2020-09-26 00:00:00','2020-09-26 00:00:00'),(25,2,'2020-09-26 00:00:00','2020-09-26 00:00:00'),(25,6,'2020-09-26 00:00:00','2020-09-26 00:00:00'),(25,8,'2020-09-26 00:00:00','2020-09-26 00:00:00'),(25,17,'2020-09-26 00:00:00','2020-09-26 00:00:00'),(26,1,'2020-09-26 00:00:00','2020-09-26 00:00:00'),(26,3,'2020-09-26 00:00:00','2020-09-26 00:00:00'),(26,6,'2020-09-26 00:00:00','2020-09-26 00:00:00'),(26,9,'2020-09-26 00:00:00','2020-09-26 00:00:00'),(26,12,'2020-09-26 00:00:00','2020-09-26 00:00:00'),(26,16,'2020-09-26 00:00:00','2020-09-26 00:00:00'),(26,19,'2020-09-26 00:00:00','2020-09-26 00:00:00'),(26,20,'2020-09-26 00:00:00','2020-09-26 00:00:00'),(27,5,'2020-09-26 00:00:00','2020-09-26 00:00:00'),(27,12,'2020-09-26 00:00:00','2020-09-26 00:00:00'),(27,13,'2020-09-26 00:00:00','2020-09-26 00:00:00'),(27,14,'2020-09-26 00:00:00','2020-09-26 00:00:00'),(27,18,'2020-09-26 00:00:00','2020-09-26 00:00:00'),(28,2,'2020-09-26 00:00:00','2020-09-26 00:00:00'),(28,7,'2020-09-26 00:00:00','2020-09-26 00:00:00'),(28,10,'2020-09-26 00:00:00','2020-09-26 00:00:00'),(28,12,'2020-09-26 00:00:00','2020-09-26 00:00:00'),(28,18,'2020-09-26 00:00:00','2020-09-26 00:00:00'),(28,19,'2020-09-26 00:00:00','2020-09-26 00:00:00'),(29,10,'2020-09-26 00:00:00','2020-09-26 00:00:00'),(29,15,'2020-09-26 00:00:00','2020-09-26 00:00:00'),(30,7,'2020-09-26 00:00:00','2020-09-26 00:00:00'),(30,20,'2020-09-26 00:00:00','2020-09-26 00:00:00'),(31,2,'2020-09-26 00:00:00','2020-09-26 00:00:00'),(31,5,'2020-09-26 00:00:00','2020-09-26 00:00:00'),(32,8,'2020-09-26 00:00:00','2020-09-26 00:00:00'),(32,11,'2020-09-26 00:00:00','2020-09-26 00:00:00'),(32,12,'2020-09-26 00:00:00','2020-09-26 00:00:00'),(32,15,'2020-09-26 00:00:00','2020-09-26 00:00:00'),(33,2,'2020-09-26 00:00:00','2020-09-26 00:00:00'),(33,15,'2020-09-26 00:00:00','2020-09-26 00:00:00'),(33,18,'2020-09-26 00:00:00','2020-09-26 00:00:00'),(33,19,'2020-09-26 00:00:00','2020-09-26 00:00:00'),(34,16,'2020-09-26 00:00:00','2020-09-26 00:00:00'),(34,20,'2020-09-26 00:00:00','2020-09-26 00:00:00'),(35,3,'2020-09-26 00:00:00','2020-09-26 00:00:00'),(35,5,'2020-09-26 00:00:00','2020-09-26 00:00:00'),(35,8,'2020-09-26 00:00:00','2020-09-26 00:00:00'),(35,15,'2020-09-26 00:00:00','2020-09-26 00:00:00'),(36,1,'2020-09-26 00:00:00','2020-09-26 00:00:00'),(36,19,'2020-09-26 00:00:00','2020-09-26 00:00:00'),(37,9,'2020-09-26 00:00:00','2020-09-26 00:00:00'),(37,11,'2020-09-26 00:00:00','2020-09-26 00:00:00'),(37,17,'2020-09-26 00:00:00','2020-09-26 00:00:00'),(37,18,'2020-09-26 00:00:00','2020-09-26 00:00:00'),(37,20,'2020-09-26 00:00:00','2020-09-26 00:00:00'),(38,1,'2020-09-26 00:00:00','2020-09-26 00:00:00'),(38,6,'2020-09-26 00:00:00','2020-09-26 00:00:00'),(38,8,'2020-09-26 00:00:00','2020-09-26 00:00:00'),(38,10,'2020-09-26 00:00:00','2020-09-26 00:00:00'),(38,17,'2020-09-26 00:00:00','2020-09-26 00:00:00'),(38,18,'2020-09-26 00:00:00','2020-09-26 00:00:00'),(39,1,'2020-09-26 00:00:00','2020-09-26 00:00:00'),(39,3,'2020-09-26 00:00:00','2020-09-26 00:00:00'),(39,5,'2020-09-26 00:00:00','2020-09-26 00:00:00'),(39,13,'2020-09-26 00:00:00','2020-09-26 00:00:00'),(39,15,'2020-09-26 00:00:00','2020-09-26 00:00:00'),(40,8,'2020-09-26 00:00:00','2020-09-26 00:00:00'),(40,10,'2020-09-26 00:00:00','2020-09-26 00:00:00'),(40,13,'2020-09-26 00:00:00','2020-09-26 00:00:00'),(40,14,'2020-09-26 00:00:00','2020-09-26 00:00:00'),(40,16,'2020-09-26 00:00:00','2020-09-26 00:00:00'),(41,5,'2020-09-26 00:00:00','2020-09-26 00:00:00'),(41,7,'2020-09-26 00:00:00','2020-09-26 00:00:00'),(41,11,'2020-09-26 00:00:00','2020-09-26 00:00:00'),(41,16,'2020-09-26 00:00:00','2020-09-26 00:00:00');
/*!40000 ALTER TABLE `user_artists` ENABLE KEYS */;

--
-- Table structure for table `user_playlists`
--

DROP TABLE IF EXISTS `user_playlists`;
/*!40101 SET @saved_cs_client     = @@character_set_client */;
/*!50503 SET character_set_client = utf8mb4 */;
CREATE TABLE `user_playlists` (
  `user_id` int NOT NULL,
  `playlist_id` int NOT NULL,
  `created_at` datetime NOT NULL,
  `updated_at` datetime NOT NULL,
  PRIMARY KEY (`user_id`,`playlist_id`)
) ENGINE=InnoDB DEFAULT CHARSET=utf8mb4 COLLATE=utf8mb4_0900_ai_ci;
/*!40101 SET character_set_client = @saved_cs_client */;

--
-- Dumping data for table `user_playlists`
--

/*!40000 ALTER TABLE `user_playlists` DISABLE KEYS */;
/*!40000 ALTER TABLE `user_playlists` ENABLE KEYS */;

--
-- Table structure for table `user_songs`
--

DROP TABLE IF EXISTS `user_songs`;
/*!40101 SET @saved_cs_client     = @@character_set_client */;
/*!50503 SET character_set_client = utf8mb4 */;
CREATE TABLE `user_songs` (
  `user_id` int NOT NULL,
  `song_id` int NOT NULL,
  `created_at` datetime NOT NULL,
  `updated_at` datetime NOT NULL,
  PRIMARY KEY (`user_id`,`song_id`)
) ENGINE=InnoDB DEFAULT CHARSET=utf8mb4 COLLATE=utf8mb4_0900_ai_ci;
/*!40101 SET character_set_client = @saved_cs_client */;

--
-- Dumping data for table `user_songs`
--

/*!40000 ALTER TABLE `user_songs` DISABLE KEYS */;
/*!40000 ALTER TABLE `user_songs` ENABLE KEYS */;

--
-- Table structure for table `users`
--

DROP TABLE IF EXISTS `users`;
/*!40101 SET @saved_cs_client     = @@character_set_client */;
/*!50503 SET character_set_client = utf8mb4 */;
CREATE TABLE `users` (
  `id` int NOT NULL AUTO_INCREMENT,
  `name` varchar(255) DEFAULT NULL,
  `email` varchar(255) DEFAULT NULL,
  `password` varchar(255) DEFAULT NULL,
  `is_admin` tinyint(1) DEFAULT NULL,
  `preferenced` json DEFAULT NULL,
  `remember_token` tinyint(1) DEFAULT NULL,
  `created_at` datetime NOT NULL,
  `updated_at` datetime NOT NULL,
  `deleted_at` datetime DEFAULT NULL,
  PRIMARY KEY (`id`)
) ENGINE=InnoDB AUTO_INCREMENT=65 DEFAULT CHARSET=utf8mb4 COLLATE=utf8mb4_0900_ai_ci;
/*!40101 SET character_set_client = @saved_cs_client */;

--
-- Dumping data for table `users`
--

/*!40000 ALTER TABLE `users` DISABLE KEYS */;
INSERT INTO `users` (`id`, `name`, `email`, `password`, `is_admin`, `preferenced`, `remember_token`, `created_at`, `updated_at`, `deleted_at`) VALUES (1,'dor kachlon','dor1kachlon@gmail.com','123456789',1,'[{\"preference\": \"Eminem\"}, {\"preference\": \"Omer Adam\"}]',1,'2020-09-12 00:00:00','2020-09-12 00:00:00',NULL),(2,'Guy Serfaty','GuySerfaty@gmail.com','Guy123456',1,'[{\"preference\": \"Maroon 5\"}, {\"preference\": \"Avicii\"}]',1,'2020-09-12 00:00:00','2020-09-12 00:00:00',NULL),(3,'Willis Atty','watty0@blogtalkradio.com','rdsYKcbxoo5',0,'{\"key1\": \"value1\"}',1,'2020-09-07 00:00:00','2020-09-07 00:00:00',NULL),(4,'Vasili Yeardsley','vyeardsley0@abc.net.au','Zlwz6W1WE',1,'[{}, {}, {}]',1,'2019-11-10 00:00:00','2020-04-29 00:00:00',NULL),(5,'Albrecht Fermin','afermin2@sitemeter.com','ITD4LrB',1,'[{}, {}, {}]',1,'2020-02-03 00:00:00','2020-08-10 00:00:00',NULL),(6,'Sosanna Brodnecke','sbrodnecke3@unc.edu','YISqFyv0I9yD',0,'[{}]',0,'2020-09-04 00:00:00','2019-09-22 00:00:00',NULL),(7,'Leopold Pellamonuten','lpellamonuten4@hc360.com','4OAGPN5t',0,'[{}, {}, {}, {}, {}]',0,'2020-05-15 00:00:00','2019-10-06 00:00:00',NULL),(8,'Rosene Jewster','rjewster5@berkeley.edu','P6HVyc5',1,'[{}, {}]',0,'2019-11-17 00:00:00','2020-06-13 00:00:00',NULL),(9,'Valentia Bushen','vbushen6@salon.com','li4zwctG',1,'[{}, {}]',0,'2019-09-30 00:00:00','2020-07-12 00:00:00',NULL),(10,'Ainslie Leverage','aleverage7@virginia.edu','VwXIAWt0aP',0,'[{}, {}]',1,'2020-04-10 00:00:00','2020-08-05 00:00:00',NULL),(11,'Sherline Orrobin','sorrobin8@wp.com','n0uw4Gb8z6dW',1,'[{}, {}]',1,'2020-07-17 00:00:00','2020-09-05 00:00:00',NULL),(12,'Maren Letterese','mletterese9@goo.gl','kDaW1diLol',1,'[{}, {}, {}, {}, {}]',0,'2019-11-08 00:00:00','2019-10-29 00:00:00',NULL),(13,'Ruperto Greydon','rgreydona@hp.com','jUkTui7CP4ye',1,'[{}, {}]',0,'2020-03-09 00:00:00','2020-08-05 00:00:00',NULL),(14,'Olimpia Assad','oassadb@webeden.co.uk','phq0vEo',1,'[{}, {}]',1,'2019-10-26 00:00:00','2019-11-24 00:00:00',NULL),(15,'Forbes Cameron','fcameronc@ucla.edu','piaXBWSb',0,'[{}]',1,'2020-07-06 00:00:00','2020-08-28 00:00:00',NULL),(16,'Anthony Thay','athayd@digg.com','N7pi5ixgNNn',1,'[{}]',0,'2020-07-28 00:00:00','2019-10-22 00:00:00',NULL),(17,'Naoma Haynes','nhaynese@google.cn','ki422HDzPQ9b',1,'[{}]',0,'2019-11-09 00:00:00','2019-10-17 00:00:00',NULL),(18,'Ricard Stampfer','rstampferf@dailymotion.com','MPjudv',0,'[{}, {}, {}, {}, {}]',0,'2019-11-02 00:00:00','2020-03-22 00:00:00',NULL),(19,'Petra Tourne','ptourneg@creativecommons.org','Ye2LVNO97P',0,'[{}, {}, {}, {}]',0,'2020-07-31 00:00:00','2020-07-25 00:00:00',NULL),(20,'Patrica Schwandt','pschwandth@nymag.com','WOyDLzjiUyFb',0,'[{}, {}, {}, {}]',1,'2020-08-06 00:00:00','2019-09-27 00:00:00',NULL),(21,'Abran Pottage','apottagei@goo.gl','ERkh1z5yDkPr',1,'[{}, {}]',0,'2019-11-29 00:00:00','2020-07-17 00:00:00',NULL),(22,'Carly Dacres','cdacresj@360.cn','ttN0Nxuj5B',0,'[{}, {}, {}]',1,'2019-12-15 00:00:00','2020-03-09 00:00:00',NULL),(23,'Rube Barkus','rbarkusk@zimbio.com','WV080nG',1,'[{}, {}]',0,'2019-12-26 00:00:00','2020-07-26 00:00:00',NULL),(24,'Veronica Farthin','vfarthinl@1und1.de','9xymIXXy2sjI',1,'[{}, {}, {}, {}, {}]',1,'2020-04-15 00:00:00','2020-07-30 00:00:00',NULL),(25,'Mala Jobern','mjobernm@newsvine.com','joQ6qxYOf',1,'[{}, {}, {}]',0,'2020-03-18 00:00:00','2020-05-07 00:00:00',NULL),(26,'Jeremie Killner','jkillnern@unicef.org','2NVtUY',0,'[{}, {}, {}, {}, {}]',0,'2020-09-04 00:00:00','2020-09-14 00:00:00',NULL),(27,'Leon Moiser','lmoisero@desdev.cn','tZR0ryKfXw',0,'[{}]',1,'2020-02-10 00:00:00','2020-01-05 00:00:00',NULL),(28,'Gelya Korting','gkortingp@google.es','18GF7i',0,'[{}, {}, {}, {}, {}]',1,'2020-06-17 00:00:00','2019-11-27 00:00:00',NULL),(29,'Oralle Bowe','oboweq@histats.com','vJE8RVc6',0,'[{}, {}, {}, {}, {}]',0,'2020-07-04 00:00:00','2020-04-15 00:00:00',NULL),(30,'Forster Scoles','fscolesr@w3.org','Gog1s2UPKA',1,'[{}, {}, {}, {}, {}]',0,'2020-04-03 00:00:00','2019-10-24 00:00:00',NULL),(31,'Tomaso Cameli','tcamelis@meetup.com','qVPElxbM9lD',0,'[{}, {}]',1,'2020-05-12 00:00:00','2019-12-25 00:00:00',NULL),(32,'Valera Hyams','vhyamst@webmd.com','he0iOjfb',0,'[{}]',1,'2019-11-09 00:00:00','2020-05-04 00:00:00',NULL),(33,'Bronson Church','bchurchu@clickbank.net','d4AbAx',1,'[{}, {}]',1,'2020-03-16 00:00:00','2019-12-10 00:00:00',NULL),(34,'Filberto Chisolm','fchisolmv@etsy.com','KKNgi2eep5wx',0,'[{}, {}, {}]',0,'2020-07-19 00:00:00','2020-05-09 00:00:00',NULL),(35,'Otha Hullot','ohullotw@unesco.org','srjJFSiN',1,'[{}]',0,'2019-11-03 00:00:00','2020-08-17 00:00:00',NULL),(36,'Abey McGuffie','amcguffiex@chicagotribune.com','1bOX4oblh',1,'[{}, {}]',0,'2020-02-23 00:00:00','2020-08-21 00:00:00',NULL),(37,'Yul Kittel','ykittely@squidoo.com','uJm8iLzMu',1,'[{}, {}, {}, {}]',1,'2020-08-11 00:00:00','2020-04-07 00:00:00',NULL),(38,'Darrelle Mocher','dmocherz@t.co','k5BwU7Axp',1,'[{}, {}, {}, {}, {}]',1,'2020-04-04 00:00:00','2020-07-10 00:00:00',NULL),(39,'Delphine Bruck','dbruck10@ow.ly','jdwwY1Sa36s',0,'[{}, {}, {}]',1,'2019-10-16 00:00:00','2020-01-09 00:00:00',NULL),(40,'Dorris Lowne','dlowne11@cyberchimps.com','fcvMetIqi',0,'[{}, {}, {}, {}]',1,'2020-03-22 00:00:00','2020-03-15 00:00:00',NULL),(41,'Godfree Kilmartin','gkilmartin12@tmall.com','yYrt2iG',1,'[{}, {}, {}]',1,'2020-06-13 00:00:00','2020-02-15 00:00:00',NULL),(42,'dk','dor11kachlon@gmail.com','$2a$10$2GyW8AvClO.ofKTozlRY2OcsmCJENl9q52JcJp1JbcSRSGgFDDvm6',0,'[{}]',0,'2020-09-30 14:03:07','2020-09-30 14:03:07',NULL),(43,'dk','dor111kachlon@gmail.com','$2a$10$ITlTPjHi8LTZKJ8mPwIVl.r2fCnU1D1GYVRXtx/do49wEpM8VO/2C',0,'[{}]',0,'2020-09-30 14:14:14','2020-09-30 14:14:14',NULL),(44,'dk','dor111kachlongmail.com','$2a$10$Y3BIfbc42ka7Xrf9qSobwOJPENxWeNc/l0rw063YmAPIvocUd4Gfy',0,'[{}]',0,'2020-09-30 14:16:33','2020-09-30 14:16:33',NULL),(45,'dk','dor111kachgmail.com','$2a$10$RjrLm/6YYUTCm2JYvx4rH.sABz8RURJ6gloV6F81q/B/yk9SdOA1e',0,'[{}]',0,'2020-09-30 14:18:19','2020-09-30 14:18:19',NULL),(46,'dk','dor111khgmail.com','$2a$10$Cg8Kjog3qo9yiAiqTrFSseAt0hDKT61s.1G5KH0YWLo75UBqaP3sC',0,'[{}]',0,'2020-09-30 14:18:58','2020-09-30 14:18:58',NULL),(47,'dk','dor1kachlongmail.com','$2a$10$0Dju0Ha3SK/8PhbglAeON.T6Um5jXvlNLx7mVkj/nNMp.lA2KqzY.',0,'[{}]',0,'2020-09-30 14:50:50','2020-09-30 14:50:50',NULL),(48,'dk','dor1kachlon@gmail.com','$2a$10$h9D83TZ.AeAQ0RSFI645peQFhgXtRKh5s5pFfydT5MqxUmEcMw33q',0,'[{}]',0,'2020-09-30 14:50:58','2020-09-30 14:50:58',NULL),(49,'dk','dor1kachlon@gmail.com','$2a$10$VGjiPB4zld5EEm.1GRVAXuAtEyVmTHw8EvJfH22s5BWkjLBWn8kUe',0,'[{}]',0,'2020-09-30 14:51:09','2020-09-30 14:51:09',NULL),(50,'dk','dor1kachlon1@gmail.com','$2a$10$xyAyjBBqdnH14vSQnGgnW.R7OMo4.8DqI/d05D25/GbPDhsRyuMSi',0,'[{}]',0,'2020-09-30 14:51:13','2020-09-30 14:51:13',NULL),(51,'dk','dor4kachlon@gmail.com','$2a$10$PmLpgMsdVWURL9oxRYeKYenoMZiLg31GCQL0ijKtwFbvByYhXwjVu',0,'[{}]',0,'2020-09-30 15:00:36','2020-09-30 15:00:36',NULL),(52,'','','$2a$10$VMxc4cY8MOhp1fDCDrFruetJNz1ufjhiJVOTzPKtXBHySm15.eKm2',0,'[{}]',0,'2020-10-02 15:41:25','2020-10-02 15:41:25',NULL),(53,'aaa','dor1@gmail.com','$2a$10$rlkpQjMLjS7uE3yJu6fWQ.mAszZUGDQEsBgWdW0Lkrk5ryYeIGi62',0,'[{}]',0,'2020-10-03 18:25:53','2020-10-03 18:25:53',NULL),(54,'','','$2a$10$.SUFBQbC95ak/ny3pymcqe22J/VQwJYVq8a8pmNeSqejQdYg4wHvi',0,'[{}]',0,'2020-10-03 18:50:56','2020-10-03 18:50:56',NULL),(55,'','','$2a$10$tLJG5TK9O/PafpDeD51TCOmFuvBzn4yd1Gnf3vZaA9qiyiVD5OzYG',0,'[{}]',0,'2020-10-03 18:51:05','2020-10-03 18:51:05',NULL),(56,'','','$2a$10$5H6KvQEdBRx2NZv3DAYIGuSfF9ueG.1ixzAkrzVla9irwzHvMf.2a',0,'[{}]',0,'2020-10-03 18:53:01','2020-10-03 18:53:01',NULL),(57,'','','$2a$10$OWpN33vyV1f10bJfyLpm6.WX2VJlj9re4KxRpmv02OyvHA2DSiwdO',0,'[{}]',0,'2020-10-03 18:54:39','2020-10-03 18:54:39',NULL),(58,'','','$2a$10$gfALRNG49SdiwSnecXM6xei4loy82E1plMhUmZmdignd21lJffEwi',0,'[{}]',0,'2020-10-03 18:56:23','2020-10-03 18:56:23',NULL),(59,'','','$2a$10$3L5KmNts/B3c9wWEsQO/du6.5f3/dbY877oS7vLVqKnm94KEQ0Taq',0,'[{}]',0,'2020-10-03 19:00:20','2020-10-03 19:00:20',NULL),(60,'aaaa','dor111@gmail.com','$2a$10$lgOM2FZvah4lJb5yql6Bx.vi7VWP4nkDOUq4313WeZnx6Op8kWp8G',0,'[{}]',0,'2020-10-03 20:51:24','2020-10-03 20:51:24',NULL),(61,'asd','adsfsdf@gmail.com','$2a$10$0PnE7FhCTkd.9mcpoJ784exTDYs3pgM.1fZiDa2TwRMtunu15lGvS',0,'[{}]',0,'2020-10-03 21:01:55','2020-10-03 21:01:55',NULL),(62,'1432154325','dor1233@gmail.com','$2a$10$lvGUOJCYfGvJy2x0d3tFp.ydeao8Lw7LDkjOBOWLP3QYbBIvU3PdW',0,'[{}]',0,'2020-10-03 21:02:39','2020-10-03 21:02:39',NULL),(63,'134321445','1421523522@gmail.com','$2a$10$XH7ntbr5lpljrcJwEL68AeVxJ3VqeJKnCkOOZacFNbiivvrY1GzOe',0,'[{}]',0,'2020-10-03 21:05:15','2020-10-03 21:05:15',NULL),(64,'dor','dor1111kachlon@gmail.com','$2a$10$Fj0UCekgdC5wDeA5NO7qdOmTL.C.aodKEY9TvQWFqp0KNQSdXfeX.',0,'[{}]',0,'2020-10-30 12:57:16','2020-10-30 12:57:16',NULL);
/*!40000 ALTER TABLE `users` ENABLE KEYS */;

--
-- Dumping events for database 'spotify_orm'
--

--
-- Dumping routines for database 'spotify_orm'
--
/*!40103 SET TIME_ZONE=@OLD_TIME_ZONE */;

/*!40101 SET SQL_MODE=@OLD_SQL_MODE */;
/*!40014 SET FOREIGN_KEY_CHECKS=@OLD_FOREIGN_KEY_CHECKS */;
/*!40014 SET UNIQUE_CHECKS=@OLD_UNIQUE_CHECKS */;
/*!40101 SET CHARACTER_SET_CLIENT=@OLD_CHARACTER_SET_CLIENT */;
/*!40101 SET CHARACTER_SET_RESULTS=@OLD_CHARACTER_SET_RESULTS */;
/*!40101 SET COLLATION_CONNECTION=@OLD_COLLATION_CONNECTION */;
/*!40111 SET SQL_NOTES=@OLD_SQL_NOTES */;

-- Dump completed on 2020-11-10 15:51:01
